Time (s),X (µT),Y (µT),Z (µT)
0.08948333352,-1.12689209,-23.02480698,-17.23324776
0.09948133351,-1.042373657,-23.12869644,-17.38640022
0.1094793335,-0.986328125,-23.18172836,-17.41782951
0.1194773335,-0.9110622406,-23.29408646,-17.43850708
0.1294753335,-0.9097371101,-23.27579689,-17.38177872
0.1394733335,-0.8751387596,-23.29847145,-17.28458214
0.1494713335,-0.8464612961,-23.34527969,-17.2181015
0.1594693335,-0.7900290489,-23.45650864,-16.94935608
0.1694673335,-0.7734222412,-23.46831894,-16.6680851
0.1794653335,-0.7397899628,-23.52751541,-16.39125061
0.1894643335,-0.7076544762,-23.63488007,-16.36532593
0.1994623335,-0.6599750519,-23.66160583,-16.53580284
0.2094603335,-0.6749286652,-23.63796997,-16.47581673
0.2194583334,-0.6137647629,-23.70789528,-16.30088806
0.2294563334,-0.5847425461,-23.75927734,-16.16243172
0.2394543334,-0.5098075867,-23.74418831,-16.30422974
0.2494523334,-0.4494228363,-23.7448616,-16.23373604
0.2594503334,-0.4185700417,-23.8311367,-15.84263802
0.2694483334,-0.3387804031,-23.95132637,-15.43146515
0.2794463334,-0.3393883705,-23.88160133,-15.543787
0.2894443334,-0.4298038483,-23.69787598,-15.98654556
0.2994433334,-0.4874773026,-23.55282211,-16.40313148
0.3094413334,-0.5401434898,-23.53702736,-16.52516747
0.3194355001,-0.507724762,-23.62588501,-16.27379036
0.3294335001,-0.5741786957,-23.60713959,-16.4118557
0.3394315001,-0.6262550354,-23.56188393,-16.60288239
0.3494295001,-0.6407051086,-23.55489922,-16.64850807
0.3594275001,-0.6345787048,-23.62827492,-16.65456009
0.3694255,-0.6792497635,-23.7008667,-16.5449295
0.3794235,-0.7189912796,-23.75404739,-16.62814903
0.3894215,-0.7292871475,-23.77217293,-16.68685341
0.3994195,-0.7317481041,-23.71377945,-16.67339897
0.4094175,-0.7362799644,-23.69659233,-16.7639389
0.4194165,-0.7122883797,-23.62910843,-16.78924942
0.4294145,-0.7710323334,-23.57263374,-16.78201103
0.4394125,-0.8174319267,-23.49596596,-16.7845459
0.4494105,-0.7724556923,-23.48558617,-16.72017479
0.4594085,-0.7697739601,-23.50367737,-16.5653286
0.4694065,-0.7661619186,-23.48110008,-16.4823761
0.4794045,-0.7073335648,-23.48431396,-16.49476624
0.4894025,-0.6868243217,-23.54104233,-16.57029533
0.4994005,-0.7192258835,-23.52099991,-16.70088577
0.5093985,-0.7346482277,-23.48821449,-16.73949432
0.5193965002,-0.7477703094,-23.51479721,-16.74910736
0.5293955002,-0.7485466003,-23.45334053,-16.83400726
0.5393935002,-0.7344784737,-23.41146278,-16.83676529
0.5493915002,-0.7246456146,-23.38438225,-16.85429573
0.5593895002,-0.7332215309,-23.44561958,-16.77625656
0.5693875002,-0.6901097298,-23.41658974,-16.6947937
0.5793855002,-0.6721305847,-23.48145485,-16.79797363
0.5893835002,-0.6870007515,-23.49513435,-16.89961433
0.5993815002,-0.7010030746,-23.50761795,-16.91916466
0.6093795002,-0.692882061,-23.45196342,-16.92672729
0.6193775001,-0.6904401779,-23.49563789,-16.86466026
0.6293755001,-0.6976370811,-23.5734539,-16.86339188
0.6393745001,-0.7256436348,-23.60088348,-16.87443733
0.6493725001,-0.7126998901,-23.70230675,-16.94575119
0.6593705001,-0.7275075912,-23.70566177,-17.00466919
0.6693685001,-0.7417426109,-23.64958,-16.87349319
0.6793665001,-0.7045755386,-23.56407356,-16.88002014
0.6893645001,-0.738796711,-23.56131935,-16.94415283
0.6993625001,-0.7335267067,-23.64195633,-17.00576401
0.7093605001,-0.7002720833,-23.63260651,-17.01843071
0.7193585001,-0.6857099533,-23.70310402,-16.93473053
0.7293565001,-0.7251529694,-23.64064407,-16.94448471
0.7393545001,-0.7263798714,-23.56295967,-16.91967583
0.7493535001,-0.7965254784,-23.55936432,-17.03883743
0.7593515001,-0.8201465607,-23.56755447,-17.07818794
0.7693495001,-0.7972979546,-23.53992081,-17.15945816
0.7793475001,-0.7488994598,-23.47570801,-17.20189857
0.7893455001,-0.7154321671,-23.5394001,-17.2035408
0.7993435001,-0.7155461311,-23.49066734,-17.10799217
0.8093415,-0.7583475113,-23.5008564,-17.10778236
0.8193395,-0.7223348618,-23.46736145,-17.16688728
0.8293375,-0.7576160431,-23.48975754,-17.1103096
0.8393355,-0.767821312,-23.49987602,-17.10042953
0.8493335,-0.8197712898,-23.45054436,-17.12535477
0.8593325,-0.7994837761,-23.39400864,-16.98658943
0.8693305,-0.7542481422,-23.40778542,-16.93367958
0.8793285,-0.7680635452,-23.39883614,-16.99689865
0.8893265,-0.8006715775,-23.42178917,-17.09219933
0.8993245,-0.8764853477,-23.37426567,-17.06182861
0.9093225,-0.8250455856,-23.40323448,-17.04768372
0.9193205,-0.8262877464,-23.48173523,-17.00168419
0.9293185,-0.8429064751,-23.54847336,-17.05673027
0.9393165,-0.846075058,-23.54389954,-17.09633636
0.9493145,-0.8779349327,-23.51987076,-17.11276054
0.9593125002,-0.8726696968,-23.48955154,-17.03155899
0.9693115002,-0.8996510506,-23.40812302,-17.26861954
0.9793095002,-0.8884673119,-23.4679966,-17.3189621
0.9893075002,-0.8332257271,-23.43566513,-17.25436783
0.9993055002,-0.822350502,-23.40675926,-17.3182354
1.0093035,-0.8694248199,-23.33369255,-17.36977196
1.0193015,-0.8393554688,-23.31679344,-17.46552467
1.0292995,-0.8684463501,-23.25154114,-17.50893211
1.0392975,-0.8712353706,-23.20384598,-17.48304749
1.0492955,-0.8954329491,-23.19207382,-17.42635155
1.0592935,-0.885269165,-23.20234489,-17.43920708
1.0692915,-0.8627495766,-23.22200394,-17.42344666
1.0792895,-0.8624315262,-23.22184563,-17.425457
1.0892885,-0.8745450974,-23.24344635,-17.4323597
1.0992865,-0.8948359489,-23.21673775,-17.43756676
1.1092845,-0.8529295921,-23.23376274,-17.21687508
1.1192825,-0.8783245087,-23.29223824,-17.14466667
1.1292805,-0.9206910133,-23.30817223,-17.25370979
1.1392785,-0.8934073448,-23.3520813,-17.32553673
1.1492765,-0.8980755806,-23.36921692,-17.32131958
1.1592745,-0.8847770691,-23.3855114,-17.14284515
1.1692725,-0.8340530396,-23.41562653,-17.04400826
1.1792705,-0.8615450859,-23.33838844,-17.2496109
1.1892685,-0.7903375626,-23.38709641,-17.44319153
1.1992665,-0.8013458252,-23.39180183,-17.50556755
1.2092655,-0.8056902885,-23.38115501,-17.50100708
1.2192635,-0.7695069313,-23.4137764,-17.48327065
1.2292615,-0.8258070946,-23.33896446,-17.51458359
1.2392595,-0.8483366966,-23.24406433,-17.42329788
1.2492575,-0.8853464127,-23.26377678,-17.41395187
1.2592555,-0.8654894829,-23.22984886,-17.43268776
1.2692535,-0.8622612953,-23.22488594,-17.39726067
1.2792515,-0.845416069,-23.22287369,-17.45709419
1.2892495,-0.8287563324,-23.31458473,-17.4442997
1.2992475,-0.7883520126,-23.43768501,-17.28269386
1.3092455,-0.8389754295,-23.4342308,-17.26225281
1.319248208,-0.8424782753,-23.3756237,-17.29311371
1.329246208,-0.8259553909,-23.39247704,-17.21296501
1.339244209,-0.7892360687,-23.43889618,-17.20353699
1.349242209,-0.7679567337,-23.45127678,-17.22415924
1.359240209,-0.7849330902,-23.46536827,-17.28112602
1.369238209,-0.7694935799,-23.46888733,-17.2898941
1.379236209,-0.758746624,-23.3662529,-17.3940506
1.389234209,-0.8060321808,-23.28004837,-17.44633484
1.399232208,-0.8429379463,-23.38582993,-17.44569206
1.409230208,-0.8501996994,-23.37860298,-17.46859741
1.419228208,-0.8477034569,-23.46434402,-17.45000839
1.429226208,-0.903526783,-23.48614883,-17.45974922
1.439225208,-0.8792982101,-23.48467064,-17.47480202
1.449223208,-0.8635282516,-23.48407364,-17.43395996
1.459221208,-0.8142843246,-23.48884964,-17.3944664
1.469219208,-0.771548748,-23.45660973,-17.40262413
1.479217208,-0.771548748,-23.45660973,-17.40262413
1.489215208,-0.8295431137,-23.41683578,-17.48605156
1.499213208,-0.8952255249,-23.39040756,-17.51882362
1.509211208,-0.9106006622,-23.43517494,-17.46596336
1.519209208,-0.8984389305,-23.44080925,-17.44393158
1.529207208,-0.8790836334,-23.46925545,-17.43374252
1.539205208,-0.9132876396,-23.44848824,-17.43114853
1.549204208,-0.9077181816,-23.45583153,-17.41086006
1.559202208,-0.8910360336,-23.49091911,-17.32130432
1.569200208,-0.850549221,-23.54726601,-17.20773506
1.579198208,-0.8013882637,-23.51727104,-17.17914581
1.589196208,-0.8449783325,-23.433424,-17.38144875
1.599194208,-0.8785614967,-23.4747715,-17.41788101
1.609192208,-0.8727931976,-23.47405243,-17.3415432
1.619190208,-0.8162331581,-23.45741844,-17.35112381
1.629188208,-0.8103423119,-23.49093437,-17.31529617
1.639186208,-0.7854909897,-23.44276047,-17.3407402
1.649184208,-0.8276381493,-23.491642,-17.4114151
1.659182208,-0.8331279755,-23.50658035,-17.53196716
1.669181208,-0.7550907135,-23.57509422,-17.50437355
1.679179208,-0.812207222,-23.64274406,-17.50854874
1.689177208,-0.8292818069,-23.61048508,-17.52708244
1.699175208,-0.8336501122,-23.55875397,-17.42920113
1.709173208,-0.7627387047,-23.60961342,-17.35913086
1.719171208,-0.7760252953,-23.60175514,-17.40439034
1.729169208,-0.8269529343,-23.61309814,-17.33461571
1.739167208,-0.8791947365,-23.63750267,-17.23407745
1.749165208,-0.845574379,-23.62140656,-17.18805122
1.759163208,-0.8516483307,-23.67203712,-17.23722839
1.769161209,-0.847427845,-23.6116848,-17.34948921
1.779160209,-0.8967132568,-23.54253578,-17.40749741
1.789158209,-0.8796405792,-23.47650719,-17.42646217
1.799156209,-0.8753929138,-23.54945183,-17.50426674
1.809154209,-0.7834391594,-23.64271736,-17.4216156
1.819152209,-0.7377505302,-23.57139969,-17.49884796
1.829150209,-0.735019207,-23.5518322,-17.52217102
1.839148208,-0.7674045563,-23.48628044,-17.47773361
1.849146208,-0.7444958687,-23.5030899,-17.44986916
1.859144208,-0.812412262,-23.48204613,-17.38610268
1.869142208,-0.8687906265,-23.48064232,-17.26465607
1.879140208,-0.8465867043,-23.58423996,-17.25354958
1.889138208,-0.8341326714,-23.62536049,-17.20870209
1.899137208,-0.8971099854,-23.49683762,-17.19347
1.909135208,-0.9096417427,-23.46825981,-17.18608856
1.919133208,-0.8877520561,-23.46717834,-17.31118202
1.929131208,-0.9155473709,-23.48945427,-17.26357269
1.939129208,-0.8962554932,-23.45527458,-17.16977882
1.949127208,-0.8545780182,-23.48417854,-17.09350395
1.959125208,-0.8205895424,-23.48408699,-17.18784332
1.969123208,-0.8960175514,-23.39900398,-17.32484627
1.979121208,-0.8973665237,-23.37345695,-17.47984314
1.989119208,-0.8418169022,-23.38728523,-17.40499306
1.999117208,-0.8239221573,-23.39938736,-17.25738144
2.009115208,-0.7650790215,-23.44777298,-17.16863823
2.019114208,-0.762860775,-23.4485321,-17.07921791
2.029112208,-0.865167141,-23.43163109,-17.06410408
2.039110208,-0.9125795364,-23.41733551,-17.06523895
2.049108208,-0.9238142967,-23.36557388,-17.02637482
2.059106208,-0.8974294662,-23.37457466,-16.97751045
2.069104208,-0.8878569603,-23.32544899,-16.93917274
2.079102208,-0.8948259354,-23.27638245,-17.00284004
2.089100208,-0.7993950844,-23.38946915,-16.88538361
2.099098208,-0.782790184,-23.43664169,-16.89989853
2.109096208,-0.7932810783,-23.48596001,-16.80949593
2.119094208,-0.8195400238,-23.58263016,-16.54897499
2.129092208,-0.7163362503,-23.70271111,-16.40933228
2.139090208,-0.6801843643,-23.67580223,-16.49986076
2.149089208,-0.7185587883,-23.58893776,-16.74816895
2.159087208,-0.7008152008,-23.50604248,-16.93758392
2.169085208,-0.7341241837,-23.46735382,-16.92604256
2.179083208,-0.7691583633,-23.52085495,-16.93242836
2.189081208,-0.8326940536,-23.53161812,-17.16226959
2.199079208,-0.8659501076,-23.49731636,-17.4045887
2.209077208,-0.8277344704,-23.53620529,-17.52214241
2.219075209,-0.8374342918,-23.47325325,-17.50769997
2.229073209,-0.8533816338,-23.38001633,-17.5343399
2.239071209,-0.8658232689,-23.41324425,-17.54908371
2.249069209,-0.7880187035,-23.48167038,-17.4796505
2.259067209,-0.7701535225,-23.44094276,-17.46058846
2.269066209,-0.7651891708,-23.40780258,-17.45366859
2.279064209,-0.7990131378,-23.39686394,-17.50967216
2.289062208,-0.8143596649,-23.36038208,-17.50574493
2.299060208,-0.834883213,-23.42543793,-17.51561928
2.309058208,-0.8782205582,-23.43454552,-17.51910782
2.319056208,-0.9023332596,-23.4629631,-17.50843048
2.329049833,-0.8428702354,-23.44294357,-17.50758553
2.339047833,-0.8367099762,-23.52099228,-17.40297699
2.349045833,-0.8117818832,-23.50883102,-17.39387894
2.359043833,-0.8231134415,-23.51319695,-17.38238335
2.369041833,-0.8538684845,-23.5213604,-17.35577202
2.379039833,-0.8784060478,-23.45497894,-17.44183731
2.389038833,-0.8777160645,-23.3891468,-17.49653625
2.399036833,-0.8749871254,-23.38479805,-17.50404739
2.409034833,-0.8870587349,-23.36014557,-17.54670525
2.419032833,-0.8798294067,-23.37319374,-17.61650467
2.429030834,-0.856692791,-23.42912865,-17.56350708
2.439028834,-0.8425321579,-23.42250633,-17.49866676
2.449026834,-0.8680300713,-23.42427826,-17.48928452
2.459024834,-0.8278460503,-23.45069695,-17.46429062
2.469022834,-0.9079833031,-23.39374733,-17.52680969
2.479020834,-0.896132946,-23.38759232,-17.55371857
2.489018833,-0.9315991402,-23.35784149,-17.59412575
2.499016833,-0.8707504272,-23.41407204,-17.58404541
2.509014833,-0.8314146996,-23.46788979,-17.53820992
2.519012833,-0.8203721046,-23.45487976,-17.58212471
2.529011833,-0.8450107574,-23.38694763,-17.6856842
2.539009833,-0.7857084274,-23.38518715,-17.67898369
2.549007833,-0.7798337936,-23.37301636,-17.68673706
2.559005833,-0.8390727043,-23.4134903,-17.64575958
2.569003833,-0.8122906685,-23.49684715,-17.56270599
2.579001833,-0.8235311508,-23.48729897,-17.5536747
2.588999833,-0.855155468,-23.40958977,-17.49523544
2.598997833,-0.8286027908,-23.40845299,-17.37921333
2.608995833,-0.7742376328,-23.4600563,-17.38710594
2.618993833,-0.7582736015,-23.46831512,-17.4396534
2.628991833,-0.8314738274,-23.4671936,-17.51394844
2.638989833,-0.8189916611,-23.46180916,-17.44325638
2.648988833,-0.8405022621,-23.57969856,-17.40036583
2.658986833,-0.7908763885,-23.62330437,-17.21569633
2.668984833,-0.8052978516,-23.59532547,-17.05281067
2.678982833,-0.8090748787,-23.60091972,-17.06907654
2.688980833,-0.8548946381,-23.48663902,-17.26110077
2.698978833,-0.8667888641,-23.44923401,-17.40158463
2.708976833,-0.8722920418,-23.47580147,-17.37967491
2.718974833,-0.8648304939,-23.56151009,-17.37932205
2.728972833,-0.9036746025,-23.55520821,-17.44211006
2.738970833,-0.9030280113,-23.5532074,-17.51293373
2.748968833,-0.9140768051,-23.5520916,-17.45246506
2.758966833,-0.9149508476,-23.4379425,-17.46455383
2.768964833,-0.891664505,-23.36552238,-17.46218681
2.778962833,-0.8935189247,-23.3350544,-17.47681618
2.788961833,-0.910027504,-23.27275276,-17.51271248
2.798959833,-0.9177279472,-23.35673714,-17.50833511
2.808957833,-0.8749241829,-23.44373322,-17.39565849
2.818955833,-0.867620945,-23.4364109,-17.36463737
2.828953833,-0.9096651077,-23.47388649,-17.46159554
2.838951833,-0.9320011139,-23.44070244,-17.49851418
2.848949833,-0.9119091034,-23.42345428,-17.56913567
2.858947834,-0.980342865,-23.36501312,-17.58336258
2.868945834,-0.9661545753,-23.33068466,-17.57357025
2.878943834,-1.002757072,-23.3461628,-17.56736565
2.888941834,-0.9607667923,-23.39906883,-17.55857086
2.898939834,-0.9235343933,-23.40989113,-17.46509361
2.908937834,-0.9901576042,-23.35734367,-17.47003555
2.918936834,-0.9971113205,-23.35783386,-17.4362278
2.928934834,-0.9571838379,-23.39024162,-17.44934273
2.938932833,-0.9809699059,-23.4341011,-17.40476227
2.948930833,-0.9235644341,-23.40133667,-17.45232964
2.958928833,-0.9100642204,-23.39279747,-17.46000671
2.968926833,-0.8952841759,-23.36914635,-17.45354652
2.978924833,-0.8639950752,-23.32833481,-17.39186478
2.988922833,-0.8639950752,-23.32833481,-17.39186478
2.998920833,-0.8424167633,-23.23808098,-17.31598663
3.008918833,-0.8441562653,-23.20976448,-17.31175804
3.018916833,-0.8935880661,-23.20119095,-17.3528862
3.028914833,-0.8746466637,-23.20499611,-17.26106453
3.038912833,-0.9285297394,-23.24070358,-17.32364655
3.048910833,-0.9280700684,-23.38766479,-17.32580376
3.058909833,-0.9293909073,-23.44099808,-17.32234573
3.068907833,-0.843214035,-23.47263718,-17.33713531
3.078905833,-0.8486952782,-23.44994354,-17.31787491
3.088903833,-0.8092546463,-23.34112549,-17.39235306
3.098901833,-0.8023195267,-23.32366753,-17.43533897
3.108899833,-0.80473423,-23.33272552,-17.37676048
3.118897833,-0.8328857422,-23.31855965,-17.41534615
3.128895833,-0.8658194542,-23.27884293,-17.49815559
3.138893833,-0.9050588608,-23.26972198,-17.55802917
3.148891833,-0.8852686882,-23.35017586,-17.52516174
3.158889833,-0.8182992935,-23.39183807,-17.43902588
3.168887833,-0.7905502319,-23.31909752,-17.41396332
3.178885833,-0.8717923164,-23.22897911,-17.48638725
3.188883833,-0.9335575104,-23.19604874,-17.52075386
3.198881833,-0.8824090958,-23.23115921,-17.56219101
3.208880833,-0.8500370979,-23.29499054,-17.5631237
3.218878833,-0.8876094818,-23.3210392,-17.62431145
3.228876833,-0.8532528877,-23.29260445,-17.6493988
3.238874833,-0.8934044838,-23.30555725,-17.60686111
3.248872833,-0.9468584061,-23.22712326,-17.55834961
3.258870833,-0.8953313828,-23.21082497,-17.37924194
3.268868833,-0.8103346825,-23.22296524,-17.36806488
3.278866833,-0.7750205994,-23.31394386,-17.36819267
3.288864833,-0.7855682373,-23.41199303,-17.33988953
3.298862834,-0.837539196,-23.42138481,-17.28436089
3.308860834,-0.8649716377,-23.42444992,-17.28190804
3.318858834,-0.8663277626,-23.34068108,-17.3701973
3.328856708,-0.8671936989,-23.32025528,-17.43405533
3.338854708,-0.9099578857,-23.33962631,-17.44638824
3.348852708,-0.8768167496,-23.33008575,-17.41919327
3.358851708,-0.8930153847,-23.32566833,-17.35106468
3.368849708,-0.8463315964,-23.37031174,-17.32423019
3.378847708,-0.9228725433,-23.38918495,-17.45304298
3.388845708,-0.9148449898,-23.35069656,-17.46967316
3.398843708,-0.9025068283,-23.34117317,-17.41158485
3.408841708,-0.9533023834,-23.39166641,-17.423172
3.418839708,-0.9618535042,-23.42597008,-17.40914726
3.428837708,-0.9265727997,-23.46566391,-17.3955822
3.438835708,-0.9136061668,-23.44728088,-17.44039536
3.448833708,-0.8904085159,-23.41511917,-17.35953331
3.458831708,-0.9048962593,-23.39166641,-17.16034698
3.468829708,-0.8761405945,-23.38296127,-17.16222
3.478827708,-0.8734908104,-23.40052605,-17.26972961
3.488825708,-0.8874950409,-23.49550438,-17.34407997
3.498823708,-0.8755216599,-23.50825882,-17.41161156
3.508822708,-0.9106144905,-23.44354248,-17.40473175
3.518820708,-0.896750927,-23.44780731,-17.41112518
3.528818708,-0.8931546211,-23.38537025,-17.43914223
3.538816708,-0.908428669,-23.40372086,-17.43869972
3.548814708,-0.9223051071,-23.41171646,-17.41856575
3.558812708,-0.9317126274,-23.41592407,-17.37502098
3.568810708,-0.889383316,-23.45352745,-17.45879936
3.578808708,-0.9258904457,-23.46417427,-17.55590057
3.588806708,-0.8809146881,-23.51093483,-17.53902054
3.598804708,-0.9135141373,-23.53160095,-17.46301079
3.608802708,-0.9372777939,-23.54541779,-17.39644814
3.618800708,-0.9192399979,-23.49723816,-17.34736443
3.628798708,-0.8792729378,-23.50554276,-17.38015938
3.638796708,-0.8113098145,-23.57144737,-17.47871971
3.648794708,-0.8606719971,-23.59364319,-17.60557175
3.658792708,-0.8500723839,-23.58585739,-17.58847046
3.668791708,-0.8926954269,-23.55678749,-17.58631134
3.678789709,-0.9025998116,-23.57534599,-17.55572128
3.688787709,-0.8895359039,-23.58891296,-17.56854057
3.698785709,-0.9042329788,-23.57276535,-17.5624733
3.708783709,-0.9471783638,-23.53738594,-17.57932663
3.718781709,-0.9194922447,-23.572258,-17.51867104
3.728779709,-0.9309449196,-23.60081673,-17.47056961
3.738777708,-0.9180049896,-23.61554909,-17.41920853
3.748775708,-0.9556283951,-23.54397392,-17.44311333
3.758773708,-0.9702444077,-23.52280617,-17.43260384
3.768771708,-0.9858875275,-23.45194054,-17.50555611
3.778769708,-0.9987559319,-23.4121666,-17.57933807
3.788767708,-0.9949736595,-23.50237656,-17.66127014
3.798765708,-0.9659523964,-23.48896027,-17.60800171
3.808763708,-0.9550075531,-23.45878029,-17.59591866
3.818761708,-0.9501676559,-23.36500168,-17.57361794
3.828760708,-0.9017858505,-23.38524055,-17.58329582
3.838758708,-0.8525934219,-23.40311623,-17.57917213
3.848756708,-0.899034977,-23.32382393,-17.69762611
3.858754708,-0.9391932487,-23.37369537,-17.68339729
3.868752708,-0.8585133553,-23.45477104,-17.53533363
3.878750708,-0.8502550125,-23.456604,-17.41790581
3.888748708,-0.7998304367,-23.4756279,-17.35894012
3.898746708,-0.7453083992,-23.50008011,-17.40385628
3.908744708,-0.6699714661,-23.51399231,-17.34468079
3.918742708,-0.5733947754,-23.52984047,-17.17676163
3.928740708,-0.4733276367,-23.56293869,-17.15794182
3.938738708,-0.4354491234,-23.53749275,-17.20140076
3.948736708,-0.3787121773,-23.54705048,-17.24552536
3.958734708,-0.3807721138,-23.55342865,-17.22796631
3.968732708,-0.2939648628,-23.58588409,-17.22784805
3.978730708,-0.1712660789,-23.60221672,-17.19132233
3.988728708,-0.05256462097,-23.60435486,-17.23892212
3.998727708,-0.00608587265,-23.51203537,-17.26987076
4.008725708,0.0528588295,-23.49044418,-17.28233528
4.018723708,0.1507301331,-23.49084854,-17.30412292
4.028721708,0.2474107742,-23.47128105,-17.41391754
4.038719708,0.3260679245,-23.52106667,-17.3765049
4.048717708,0.360833168,-23.44109726,-17.32405853
4.058715708,0.4176778793,-23.44621658,-17.17493057
4.068713708,0.5053014755,-23.44906044,-17.01124382
4.078711708,0.5486545563,-23.45563316,-17.0152092
4.088709708,0.5941238403,-23.39344978,-17.15686989
4.098707709,0.6609678268,-23.37558746,-17.19177437
4.108705709,0.7653770447,-23.38648415,-17.15424538
4.118703709,0.8045902252,-23.3491745,-17.11722374
4.128701709,0.8987989426,-23.40082169,-16.98637009
4.138699709,0.9780521393,-23.39035797,-16.95432472
4.148697709,0.9716157913,-23.26750183,-16.9615345
4.158695708,0.9930677414,-23.20993996,-16.94537926
4.168694708,1.038427353,-23.24975204,-16.93291092
4.178692708,1.110196114,-23.39266396,-16.89164734
4.188690708,1.228702545,-23.4108181,-16.91591454
4.198688708,1.315121651,-23.38595581,-16.91451454
4.208686708,1.425134659,-23.3309803,-16.92104721
4.218684708,1.47265625,-23.31394768,-16.78740692
4.228682708,1.525478363,-23.30353165,-16.77480507
4.238680708,1.60914135,-23.35039902,-16.81706619
4.248678708,1.664925575,-23.28409576,-16.84423447
4.258676708,1.801053047,-23.22383118,-16.81487465
4.268674708,1.856606483,-23.24563789,-16.77517891
4.278672708,1.969493866,-23.22599602,-16.77217674
4.288670708,2.060459137,-23.20790672,-16.69193077
4.298668708,2.197070122,-23.21894646,-16.69239807
4.308666708,2.397311211,-23.30459213,-16.6090889
4.318664708,2.57807827,-23.32666397,-16.52392006
4.328663083,2.740639687,-23.32022858,-16.53751564
4.338661083,2.805376053,-23.32609367,-16.55182076
4.348659083,2.948549271,-23.32310104,-16.44220161
4.358658083,3.162075996,-23.37746239,-16.41434479
4.368656083,3.306584358,-23.34176064,-16.44456673
4.378654083,3.460136414,-23.32856369,-16.52724457
4.388652083,3.565655708,-23.30260468,-16.53474045
4.398650083,3.724845886,-23.28935623,-16.450243
4.408648083,3.836151123,-23.33149719,-16.3529377
4.418646083,3.962492943,-23.3614254,-16.38842583
4.428644083,4.172233582,-23.35740089,-16.36191368
4.438642083,4.329636574,-23.3923111,-16.35325432
4.448640083,4.490329742,-23.38273048,-16.36779785
4.458638083,4.594454765,-23.30010796,-16.36303902
4.468636083,4.716439247,-23.36272049,-16.31271553
4.478634083,4.842086792,-23.37150192,-16.23383713
4.488632083,5.002802849,-23.42566681,-16.22796822
4.498630083,5.080080986,-23.42318153,-16.08449936
4.508628083,5.232563972,-23.39008522,-16.05679893
4.518626083,5.232563972,-23.39008522,-16.05679893
4.528624083,5.364742279,-23.28076363,-16.05317116
4.538623083,5.551692009,-23.28614044,-15.95318604
4.548621083,5.713558197,-23.29798698,-15.92132378
4.558619083,5.923104286,-23.3576088,-15.78644943
4.568617083,6.105242729,-23.33376312,-15.68740273
4.578615083,6.308387756,-23.38947105,-15.70016861
4.588613083,6.470200539,-23.37858009,-15.69369316
4.598611083,6.663718224,-23.35971832,-15.69678497
4.608609083,6.898472786,-23.2999115,-15.60590553
4.618607083,7.079259872,-23.25680161,-15.59581375
4.628605083,7.248552322,-23.25489044,-15.5345192
4.638603083,7.385601044,-23.30511856,-15.48925972
4.648601083,7.623103142,-23.39205933,-15.39134407
4.658599083,7.923995018,-23.36489677,-15.08293533
4.668597083,8.094142914,-23.33343506,-15.01844215
4.678595084,8.334875107,-23.28433228,-15.0286541
4.688593084,8.503795624,-23.29879379,-15.02091789
4.698591084,8.728275299,-23.2117939,-15.08254051
4.708589084,8.969678879,-23.18763351,-15.11248016
4.718587084,9.222866058,-23.10626602,-15.09849358
4.728585084,9.427129745,-23.08670998,-15.11668205
4.738583083,9.677974701,-22.99699211,-15.05280495
4.748582083,9.946193695,-22.93067551,-15.05091095
4.758580083,10.20030975,-22.96423149,-14.91462135
4.768578083,10.40163803,-22.97896767,-14.82018089
4.778576083,10.67338371,-22.90725136,-14.73119164
4.788574083,10.93887329,-22.86689568,-14.49128723
4.798572083,11.15922356,-22.89953232,-14.30202675
4.808570083,11.40326309,-22.89024353,-14.21840477
4.818568083,11.64988518,-22.84013557,-14.13625908
4.828566083,11.93019867,-22.82232666,-14.07777405
4.838564083,12.22707558,-22.84056473,-14.13386154
4.848562083,12.4692173,-22.7432766,-14.21830177
4.858560083,12.74433708,-22.70499802,-14.19160652
4.868558083,13.00602722,-22.67414856,-14.10146141
4.878556083,13.22509956,-22.58885956,-14.01073647
4.888554083,13.54597473,-22.52541924,-13.92761612
4.898552083,13.81151772,-22.40493774,-13.86048126
4.908550083,14.14340019,-22.37689209,-13.80818939
4.918548083,14.37562752,-22.30707169,-13.63458824
4.928546083,14.67642784,-22.2494297,-13.52058983
4.938544083,15.00320435,-22.22672653,-13.43667603
4.948542083,15.3024559,-22.15098,-13.43833733
4.958541083,15.56232452,-22.05103493,-13.27729607
4.968539083,15.88257217,-21.92725945,-13.32870293
4.978537083,16.15817642,-21.77202225,-13.30965805
4.988535083,16.47684479,-21.6950798,-13.18643188
4.998533083,16.82504845,-21.58405304,-13.06576729
5.008531083,17.13624763,-21.47480774,-12.96201134
5.018529083,17.52018356,-21.38981247,-12.83992386
5.028527083,17.87092781,-21.23774338,-12.73696327
5.038525083,18.20032692,-21.12761307,-12.70815086
5.048523083,18.5352993,-20.99181366,-12.64042473
5.058521083,18.86636543,-20.81615639,-12.51375771
5.068519083,19.16478539,-20.67316818,-12.21199036
5.078517083,19.46293068,-20.52828026,-12.15030479
5.088515083,19.68746567,-20.3341217,-12.2225666
5.098513084,20.01512337,-20.14175797,-12.23267555
5.108511084,20.31851006,-19.93405342,-12.17624474
5.118509084,20.61677933,-19.71335983,-12.14690018
5.128507084,20.89736176,-19.52946854,-12.12756729
5.138505084,21.1818924,-19.40654945,-12.15877533
5.148503084,21.48287392,-19.23094559,-12.10149574
5.158501083,21.76316833,-19.05565071,-12.02237129
5.168499083,22.08980751,-18.89232254,-11.80079842
5.178497083,22.36032104,-18.65933609,-11.67170525
5.188496083,22.68604279,-18.49452209,-11.5930481
5.198494083,22.94671059,-18.28218079,-11.60308075
5.208492083,23.24706841,-18.00241089,-11.4938736
5.218490083,23.50413132,-17.73563385,-11.3474865
5.228488083,23.81741142,-17.55979156,-11.20017815
5.238486083,24.18017387,-17.30135727,-11.01183701
5.248484083,24.43028259,-16.9654274,-10.96245766
5.258482083,24.69665527,-16.77246094,-10.83346939
5.268480083,25.04278946,-16.54998016,-10.68884277
5.278478083,25.2644577,-16.33553696,-10.42908669
5.288476083,25.4720192,-16.04661179,-10.25844193
5.298474083,25.80010605,-15.86469746,-10.08474541
5.308472083,26.03613281,-15.62737179,-9.949575424
5.318470083,26.25418091,-15.32301521,-9.807992935
5.328468083,26.48472595,-15.03662968,-9.568294525
5.338466083,26.73081589,-14.76831627,-9.385913849
5.348464083,26.97603607,-14.54460812,-9.206596375
5.358462083,27.19810486,-14.2491045,-9.058637619
5.368460083,27.44964218,-13.91952324,-9.034385681
5.378458083,27.62588501,-13.67276573,-9.007123947
5.388456083,27.85119247,-13.46288872,-8.876724243
5.398454083,28.06579208,-13.14407539,-8.76640892
5.408452083,28.21502686,-12.89838505,-8.759866714
5.418450083,28.41656876,-12.5858078,-8.739753723
5.428449083,28.57674789,-12.34178352,-8.62843895
5.438447083,28.70230484,-12.0377903,-8.509189606
5.448445083,28.86494064,-11.72939301,-8.299022675
5.458443083,28.95115662,-11.31383514,-8.252426147
5.468441083,29.11323547,-10.91483688,-8.142284393
5.478439083,29.29782486,-10.64035416,-8.078714371
5.488437083,29.37348175,-10.42814159,-7.967628479
5.498435083,29.56031418,-10.20065308,-7.812540054
5.508433083,29.78271866,-10.07427597,-7.690908432
5.518431084,29.89504242,-9.787709236,-7.751707077
5.528429084,30.02858353,-9.437682152,-7.703624725
5.538427084,30.17000961,-9.072092056,-7.668283463
5.548425084,30.27383423,-8.76918602,-7.507299423
5.558423084,30.33562851,-8.460617065,-7.499361038
5.568421084,30.35782242,-8.218988419,-7.452684402
5.578419083,30.4499054,-7.915241241,-7.5082798
5.588417083,30.48600388,-7.638154984,-7.392183304
5.598415083,30.58702469,-7.447099209,-7.309549332
5.608413083,30.67419815,-7.291618824,-7.352901459
5.618411083,30.7187767,-7.089260578,-7.256364822
5.628409083,30.88525772,-6.890196323,-7.213541031
5.638407083,30.96499634,-6.647422791,-7.198471069
5.648405083,31.01280975,-6.349375248,-7.179401398
5.658403083,31.05128479,-6.084248543,-7.095378876
5.668401083,31.12755585,-5.905929565,-7.093746185
5.678399083,31.17448807,-5.654400826,-7.077856064
5.688398083,31.19599152,-5.410023689,-6.951446533
5.698396083,31.30720901,-5.17303133,-6.816385269
5.708394083,31.35858917,-4.990701199,-6.694589615
5.718392083,31.39866638,-4.707476616,-6.67908287
5.728390083,31.42628479,-4.497262478,-6.664016724
5.738388083,31.49785995,-4.342071533,-6.728946686
5.748386083,31.53501892,-4.18214941,-6.696754456
5.758384083,31.5308609,-3.991844416,-6.751449585
5.768382083,31.52644348,-3.777402401,-6.71837616
5.778380083,31.5833931,-3.608050585,-6.606058121
5.788378083,31.60676193,-3.498743773,-6.58174324
5.798376083,31.63731766,-3.265415192,-6.570762634
5.808374083,31.64303589,-3.09276247,-6.556119919
5.818372083,31.6979332,-2.922227144,-6.483661652
5.828370083,31.71471405,-2.713367939,-6.460987091
5.838368083,31.75986862,-2.620117664,-6.398895264
5.848366083,31.8400383,-2.426465034,-6.353628159
5.858364083,31.82752991,-2.205415726,-6.372400284
5.868362083,31.80880737,-1.978239059,-6.388048172
5.878360083,31.80374146,-1.726918697,-6.398014069
5.888358083,31.82678604,-1.562648296,-6.359992981
5.898356083,31.84990311,-1.324440002,-6.32242775
5.908354083,31.82684708,-1.183233261,-6.280744553
5.918352083,31.84035873,-1.023252487,-6.243741989
5.928350084,31.81778717,-0.7882080078,-6.231672287
5.938348084,31.81167984,-0.5856809616,-6.212276459
5.948346084,31.87728119,-0.4226131439,-6.266435623
5.958344084,31.86399078,-0.2940378189,-6.237638474
5.968342084,31.86039352,-0.1845798492,-6.24202919
5.978341084,31.83623886,0.008140563965,-6.22174263
5.988339084,31.85020447,0.2181615829,-6.192499161
5.998337083,31.85568619,0.3738980293,-6.153284073
6.008335083,31.87548447,0.5828680992,-6.071332932
6.018333083,31.85218048,0.7193441391,-6.051250458
6.028331083,31.89191055,0.8824324608,-6.093259811
6.038329083,31.95531845,0.9779052734,-6.170438766
6.048327083,31.92625046,1.108779907,-6.217784882
6.058325083,31.92625046,1.108779907,-6.217784882
6.068323083,31.93782425,1.284431934,-6.178939819
6.078321083,31.92242813,1.446847916,-6.186943054
6.088319083,31.92408371,1.57202816,-6.294351578
6.098317083,31.85451889,1.695726395,-6.287763596
6.108315083,31.85575485,1.788514137,-6.27161026
6.118313083,31.87981796,1.899236679,-6.347213745
6.128311083,31.8390274,2.001420021,-6.386184692
6.138309083,31.82829285,2.10696888,-6.425102234
6.148307083,31.80715942,2.228386879,-6.429944992
6.158305083,31.80518341,2.426934242,-6.493719101
6.168303083,31.82839584,2.526462555,-6.431463242
6.178301083,31.85872269,2.65124321,-6.486749649
6.188299083,31.86142731,2.780547142,-6.43863678
6.198297083,31.86903,2.87003994,-6.437976837
6.208295083,31.85072708,2.921316147,-6.449676514
6.218293083,31.81327057,2.944860458,-6.45759201
6.228291083,31.7462616,3.000170708,-6.504022598
6.238289083,31.78705597,3.106940269,-6.505937576
6.248287083,31.85828781,3.172477722,-6.486627579
6.258285083,31.88048172,3.108212471,-6.412153244
6.268283083,31.86005402,3.175394058,-6.414186478
6.278281083,31.83547592,3.165019989,-6.349246979
6.288279083,31.82228088,3.22722435,-6.38848877
6.298278083,31.8445816,3.226000786,-6.405508041
6.308276083,31.86450958,3.210216522,-6.440261841
6.318274083,31.80632019,3.244858742,-6.452783585
6.328276208,31.79301453,3.316939354,-6.424734116
6.338274208,31.7947731,3.332290649,-6.417385101
6.348272208,31.7817688,3.352749825,-6.283559799
6.358270208,31.81131744,3.335725784,-6.327810287
6.368268208,31.8255806,3.383462906,-6.363807678
6.378266208,31.895298,3.366233826,-6.457942963
6.388264208,31.8340683,3.280365944,-6.499832153
6.398262208,31.81301498,3.293598175,-6.568658829
6.408260208,31.80773544,3.313596725,-6.587602615
6.418258208,31.72629547,3.375658035,-6.52617836
6.428256208,31.70278931,3.344002724,-6.463472366
6.438254208,31.70332336,3.379203796,-6.409832001
6.448252209,31.70146942,3.377509117,-6.421068192
6.458250209,31.72129822,3.363436699,-6.443315506
6.468248209,31.70883179,3.388904572,-6.460268021
6.478246209,31.72684479,3.37711525,-6.485363007
6.488244209,31.70287704,3.450663567,-6.492734909
6.498242209,31.66637802,3.469248772,-6.430931091
6.508240208,31.65936279,3.587442398,-6.405471802
6.518238208,31.67491913,3.586663246,-6.409555435
6.528236208,31.69753265,3.521971703,-6.394933701
6.538234208,31.68491745,3.559362411,-6.461900711
6.548232208,31.69944763,3.516363144,-6.452512741
6.558230208,31.72338486,3.535181046,-6.507183075
6.568228208,31.74387741,3.446899414,-6.511106491
6.578226208,31.79469299,3.449947357,-6.561235428
6.588224208,31.76660538,3.456557274,-6.553703308
6.598222208,31.740448,3.450534821,-6.579013824
6.608220208,31.67966843,3.433527946,-6.585933685
6.618218208,31.68047714,3.421952248,-6.568580627
6.628216208,31.67773819,3.366358757,-6.498058319
6.638214208,31.67860794,3.302801132,-6.432970047
6.648212208,31.67583084,3.373087883,-6.412252426
6.658210208,31.71281052,3.389762878,-6.421964645
6.668209208,31.7440567,3.386201859,-6.39667511
6.678207208,31.76931,3.450695038,-6.400939941
6.688205208,31.70991135,3.425178528,-6.386936188
6.698203208,31.69684601,3.425754547,-6.454647064
6.708201208,31.68106842,3.498553276,-6.471755981
6.718199208,31.68551636,3.60043335,-6.540124893
6.728197208,31.66730881,3.574346542,-6.538764954
6.738195208,31.67657852,3.4278965,-6.493776321
6.748193208,31.71580887,3.33294487,-6.499364853
6.758191208,31.73393631,3.274875641,-6.466068268
6.768189208,31.75339508,3.212348938,-6.422840118
6.778187208,31.77486038,3.170395851,-6.422445297
6.788185208,31.80280304,3.131733894,-6.388776779
6.798183208,31.80661774,3.106069565,-6.437082291
6.808181208,31.78856659,3.13185215,-6.47369957
6.818179208,31.77046204,3.117302895,-6.434398651
6.828177208,31.76117325,3.15613842,-6.410867691
6.838175208,31.75243759,3.137598038,-6.416057587
6.848173208,31.76652145,3.105260849,-6.519031525
6.858171209,31.79653168,3.105390549,-6.473815918
6.868169209,31.76468277,3.102458,-6.550174713
6.878167209,31.71765518,3.170732498,-6.62134552
6.888165209,31.7295723,3.182107925,-6.686870575
6.898163209,31.78042603,3.220244408,-6.625865936
6.908161208,31.79670334,3.183962822,-6.38363266
6.918159208,31.76973343,3.204213142,-6.287805557
6.928157208,31.77339935,3.192314148,-6.381753922
6.938155208,31.78026962,3.279486656,-6.534070969
6.948153208,31.79999924,3.257892609,-6.557815552
6.958151208,31.76570511,3.235394478,-6.503139496
6.968149208,31.78029633,3.177544594,-6.397476196
6.978147208,31.80325699,3.206785202,-6.356061935
6.988145208,31.72081757,3.251872063,-6.44108963
6.998143208,31.73272324,3.230351448,-6.474349976
7.008141208,31.69786072,3.291098595,-6.501214981
7.018139208,31.73456192,3.264122963,-6.522125244
7.028137208,31.7077713,3.257766724,-6.516155243
7.038135208,31.77172089,3.288890839,-6.546255112
7.048133208,31.78900528,3.200705528,-6.448760986
7.058131208,31.8073616,3.137870789,-6.39881134
7.068129208,31.8249321,3.119049072,-6.112611771
7.078127208,31.81013107,3.122992516,-5.970617294
7.088125208,31.810112,3.168520927,-6.09403038
7.098123208,31.78687668,3.116823196,-6.331079483
7.108121208,31.7861824,3.103321075,-6.449905396
7.118120208,31.81708145,3.162649155,-6.446893692
7.128118208,31.74139786,3.17124939,-6.384622574
7.138116208,31.66498184,3.210484505,-6.394104004
7.148114208,31.69556427,3.178805351,-6.391933441
7.158112208,31.74610901,3.203050613,-6.360542297
7.168110208,31.77167511,3.177716255,-6.382184982
7.178108208,31.82096481,3.179140091,-6.476371765
7.188106208,31.8421669,3.201835632,-6.48772049
7.198104208,31.79111099,3.265276909,-6.491376877
7.208102208,31.80910873,3.297020912,-6.480506897
7.218100208,31.84980774,3.29176712,-6.418533325
7.228098208,31.86843109,3.195575714,-6.435050964
7.238096208,31.79925156,3.150754929,-6.388916016
7.248094208,31.85150909,3.196191788,-6.412506104
7.258092209,31.89081192,3.140047073,-6.407649994
7.268090209,31.8420372,3.127516747,-6.430971146
7.278088209,31.80514526,3.09504509,-6.493618011
7.288086209,31.8068924,3.098553658,-6.514842987
7.298084209,31.79917908,3.084159851,-6.492982864
7.308082209,31.784935,3.167937279,-6.567539215
7.318080208,31.79777908,3.191518784,-6.56259346
7.32807375,31.84874344,3.202040672,-6.597120285
7.33807175,31.86594391,3.16640377,-6.58366394
7.34806975,31.87681198,3.155059814,-6.589756012
7.35806775,31.80055618,3.185113907,-6.590246201
7.36806575,31.82225418,3.205500603,-6.549526215
7.37806375,31.80682755,3.181939125,-6.443241119
7.38806175,31.79912949,3.12238884,-6.45151329
7.39805975,31.85675812,3.156177521,-6.481966019
7.40805775,31.84141541,3.141375542,-6.454446793
7.41805575,31.86802673,3.123703003,-6.449386597
7.42805375,31.86486053,3.127155304,-6.409238815
7.43805175,31.85770416,3.093260765,-6.446880341
7.44804975,31.88963699,3.130913734,-6.553653717
7.45804775,31.88832474,3.151367188,-6.534757614
7.46804575,31.85555267,3.223874092,-6.449659348
7.47804375,31.86673737,3.259672165,-6.410102844
7.48804175,31.853405,3.186408043,-6.428667068
7.49803975,31.8337059,3.207528114,-6.381433487
7.50803775,31.7884407,3.173106194,-6.28576088
7.51803575,31.80082703,3.18066597,-6.209136963
7.52803375,31.77115631,3.189291,-6.194913864
7.53803175,31.76686096,3.190631866,-6.240413666
7.54802975,31.75518036,3.124972343,-6.292617798
7.55802775,31.7706871,3.092475891,-6.391626358
7.56802575,31.84854126,3.134521484,-6.424226761
7.57802375,31.78007507,3.235519409,-6.434848785
7.58802175,31.78007507,3.235519409,-6.434848785
7.59801975,31.73086548,3.226461411,-6.426868439
7.60801775,31.75970459,3.164577484,-6.392787933
7.61801575,31.76259613,3.158043861,-6.382717133
7.62801375,31.77277374,3.150136948,-6.36725235
7.63801175,31.7262001,3.177577972,-6.46257019
7.64800975,31.71289063,3.149910927,-6.490451813
7.65800775,31.76819229,3.074478149,-6.527193069
7.66800575,31.77513123,3.123002052,-6.515579224
7.67800375,31.77567673,3.080574036,-6.505023956
7.68800275,31.82989883,3.035902977,-6.441196442
7.69799975,31.89181137,3.032838821,-6.455516815
7.70799875,31.90322113,3.106283188,-6.432674408
7.71799675,31.89720154,3.102843285,-6.391349792
7.72799475,31.88659286,3.078482628,-6.36207962
7.73799275,31.85619354,3.114394188,-6.362918854
7.74799075,31.84459686,3.036402702,-6.403394699
7.75798875,31.76913834,3.051614761,-6.367189407
7.76798675,31.73592758,3.08590889,-6.370758057
7.77798475,31.75221634,3.15598011,-6.411716461
7.78798275,31.77202606,3.167473793,-6.400777817
7.79798075,31.76179123,3.233293533,-6.418197632
7.80797875,31.76131439,3.223797798,-6.408876419
7.81797675,31.7967186,3.221324921,-6.44493103
7.82797475,31.76499939,3.276521683,-6.484611511
7.83797275,31.77354813,3.252594948,-6.537986755
7.84797075,31.74248886,3.220285416,-6.555305481
7.85796875,31.75205231,3.175842285,-6.470888138
7.86796675,31.75484085,3.149253845,-6.462875366
7.87796475,31.72777557,3.15517807,-6.485942841
7.88796275,31.80207443,3.052671432,-6.551727295
7.89796075,31.87261581,3.037753105,-6.561258316
7.90795875,31.94633484,3.039271355,-6.588783264
7.91795675,31.88495255,3.08327961,-6.460407257
7.92795475,31.86375046,3.04083252,-6.418270111
7.93795275,31.8592453,3.035595894,-6.443904877
7.94795075,31.79913712,2.961645126,-6.440481186
7.95794875,31.83160782,3.046919823,-6.414051056
7.96794675,31.78767776,3.107648849,-6.398002625
7.97794475,31.82593536,3.106866837,-6.345874786
7.98794275,31.87081528,3.175469398,-6.272060394
7.99794075,31.84012222,3.18037796,-6.321426392
8.00793875,31.8423233,3.10110569,-6.316461563
8.01793675,31.82760239,3.045785904,-6.284101486
8.02793475,31.80083847,3.017062187,-6.291090012
8.03793275,31.82572937,3.101759911,-6.33039093
8.04793075,31.83744049,3.1062603,-6.329645157
8.05792875,31.8223381,3.093143463,-6.229824066
8.06792675,31.78701782,3.100206375,-6.132097244
8.07792475,31.78708267,3.147037506,-6.263612747
8.08792275,31.73258591,3.193048477,-6.394702911
8.09792075,31.75461578,3.292827606,-6.501056671
8.10791875,31.76018906,3.358340263,-6.481964111
8.11791675,31.70151901,3.32243824,-6.442350388
8.12791475,31.7216835,3.231376648,-6.417890549
8.13791275,31.78007126,3.231701851,-6.489109039
8.14791075,31.8108139,3.132699013,-6.509542465
8.15790875,31.81437683,3.18362999,-6.512147903
8.16790675,31.75175095,3.183650017,-6.544721603
8.17790475,31.72247696,3.208456993,-6.486160278
8.18790275,31.76631165,3.214109421,-6.498180389
8.19790075,31.85465622,3.197422981,-6.453887939
8.20789875,31.83634186,3.195337296,-6.444992065
8.21789675,31.8710289,3.119925499,-6.382816315
8.22789475,31.81185532,3.117500305,-6.408969879
8.23789275,31.84182358,3.134842873,-6.458156586
8.24789075,31.88121033,3.102511406,-6.37664032
8.25788875,31.86134338,3.109814644,-6.34746933
8.26788675,31.86791611,3.104754448,-6.422084808
8.27788475,31.8452034,3.1459198,-6.428081512
8.28788275,31.84807205,3.239407539,-6.426099777
8.29788075,31.86424637,3.199939728,-6.363313675
8.30787875,31.870224,3.224293709,-6.371435165
8.31787675,31.78139114,3.261265755,-6.257873535
8.327878834,31.79291534,3.327929497,-6.18980217
8.337876834,31.81625748,3.3496418,-6.208295822
8.347874834,31.82899475,3.346630096,-6.279493332
8.357872833,31.81378937,3.296902657,-6.310529709
8.367870833,31.85266495,3.294472694,-6.325487137
8.377868833,31.80191422,3.208527565,-6.37455368
8.387866833,31.78865814,3.158621788,-6.424324036
8.397864833,31.76536942,3.057035446,-6.365526199
8.407862833,31.76718903,3.052204132,-6.297334671
8.417860833,31.76332092,3.029258728,-6.326229095
8.427858833,31.75976181,3.113232613,-6.351057053
8.437856833,31.7600708,3.174258232,-6.374910355
8.447854833,31.80792618,3.209353447,-6.343385696
8.457852833,31.76740265,3.222049713,-6.373306274
8.467850833,31.71870041,3.23137188,-6.375785828
8.477848833,31.72161865,3.166553497,-6.359275818
8.487846833,31.76807785,3.191288948,-6.37014389
8.497844833,31.76305008,3.19343853,-6.370235443
8.507842833,31.7210083,3.205369949,-6.442678452
8.517840833,31.72632599,3.198144913,-6.403377533
8.527838833,31.75102234,3.228007317,-6.415596008
8.537836833,31.72122192,3.20969677,-6.364253998
8.547834833,31.66848755,3.213840485,-6.38350296
8.557832833,31.65332413,3.213218689,-6.409360886
8.567830833,31.69398499,3.203686714,-6.427188873
8.577828833,31.70573044,3.21731472,-6.437480927
8.587826833,31.6946106,3.299253464,-6.464546204
8.597824833,31.72480392,3.357287407,-6.428649902
8.607822833,31.72891235,3.312969208,-6.433422089
8.617820833,31.7341423,3.301578522,-6.372406006
8.627818833,31.78983688,3.223813057,-6.255365372
8.637816833,31.77679443,3.130322456,-6.201936722
8.647814833,31.79410553,3.170868874,-6.295782089
8.657812833,31.72156143,3.208498001,-6.35610199
8.667810833,31.71579361,3.180586815,-6.336448669
8.677808833,31.73485184,3.269522667,-6.311098099
8.687806833,31.77747726,3.322310448,-6.289331436
8.697804834,31.70494461,3.339026451,-6.254602432
8.707802834,31.71470261,3.356534004,-6.322090149
8.717800834,31.72314453,3.38369751,-6.346668243
8.727798834,31.70363617,3.311098099,-6.238641739
8.737796834,31.7334404,3.309309006,-6.232294083
8.747794833,31.80566406,3.35350132,-6.180864334
8.757792833,31.84709167,3.334367752,-6.12758255
8.767790833,31.85247421,3.260555267,-6.099821091
8.777788833,31.82952118,3.340192795,-6.191366196
8.787786833,31.77470779,3.367334366,-6.246740341
8.797784833,31.83638,3.33728981,-6.352230072
8.807782833,31.76231384,3.324710846,-6.39598465
8.817780833,31.75397491,3.368625641,-6.353487015
8.827778833,31.79039764,3.277116776,-6.360517502
8.837776833,31.78192139,3.335310936,-6.405527115
8.847774833,31.69757462,3.423875809,-6.345996857
8.857772833,31.72587585,3.416181564,-6.348331451
8.867770833,31.74650574,3.35589695,-6.375402451
8.877768833,31.76399231,3.213892937,-6.374973297
8.887766833,31.78491974,3.237324715,-6.435413361
8.897764833,31.79772949,3.329957008,-6.429016113
8.907763833,31.77870178,3.396393776,-6.313602448
8.917761833,31.72102356,3.367293358,-6.220312119
8.927758833,31.71438599,3.388746262,-6.22514534
8.937756833,31.6954155,3.386141777,-6.245416641
8.947754833,31.69920731,3.348722458,-6.33555603
8.957753833,31.75426483,3.365700722,-6.433813095
8.967751833,31.7070694,3.315887451,-6.389545441
8.977748833,31.71738052,3.320584297,-6.484174728
8.987746833,31.69475937,3.28579998,-6.426912308
8.997744833,31.69768906,3.274785995,-6.352191925
9.007743833,31.77553558,3.262438774,-6.399499893
9.017741833,31.79935837,3.222148895,-6.472980499
9.027739833,31.82523346,3.118474007,-6.501327515
9.037736833,31.81484604,3.12805748,-6.490871429
9.047734833,31.79344177,3.1124897,-6.41560936
9.057733833,31.76403427,3.131681442,-6.410007477
9.067731833,31.80587769,3.14527607,-6.411937714
9.077728833,31.81357193,3.153118134,-6.454633713
9.087727833,31.81632996,3.226882935,-6.403341293
9.097724834,31.80793381,3.27896595,-6.452646255
9.107723834,31.77215576,3.272590637,-6.557313919
9.117721834,31.77413177,3.261475563,-6.567302704
9.127719834,31.77413177,3.261475563,-6.567302704
9.137716834,31.8119278,3.276323318,-6.572273254
9.147715834,31.87035751,3.187566757,-6.468915939
9.157713833,31.81781006,3.144447327,-6.416816711
9.167711833,31.74601746,3.18087101,-6.409650803
9.177708833,31.75325394,3.215471268,-6.493946075
9.187706833,31.7631073,3.275238037,-6.443840027
9.197705833,31.78743744,3.315979004,-6.352731705
9.207703833,31.76431274,3.280898094,-6.34718132
9.217701833,31.76567841,3.237532616,-6.24949646
9.227698833,31.7642746,3.188709259,-6.307701111
9.237696833,31.85719681,3.201590538,-6.193668365
9.247695833,31.88247681,3.205747604,-6.208240509
9.257692833,31.85161591,3.158910751,-6.207015991
9.267690833,31.79707336,3.16259861,-6.259719849
9.277689833,31.79177856,3.233500481,-6.324354172
9.287687833,31.77676773,3.276428223,-6.265104294
9.297684833,31.80612946,3.270776749,-6.29740715
9.307682833,31.76724243,3.333037376,-6.351127625
9.317680833,31.77086639,3.330125809,-6.274078369
9.327679833,31.79739761,3.359240532,-6.114225388
9.337678083,31.84819794,3.358018875,-6.074188232
9.347675083,31.84718704,3.357223511,-6.107963562
9.357673083,31.82517624,3.3328619,-6.165847778
9.367671083,31.78083801,3.332543373,-6.228549957
9.377670083,31.76997757,3.267524719,-6.292167664