Time (s),X (rad/s),Y (rad/s),Z (rad/s)
0.04502479173,0.002866953611,-0.001049176324,-0.0007356668357
0.05502079171,0.001432841527,-0.0005788621493,-0.0005388591671
0.06501679169,0.001442223089,-0.00008934759535,0.003009925131
0.07501279167,-0.0001567386789,-0.0007442189381,0.0005941714626
0.08500979166,0.0008983616717,0.0007653508801,-0.0005975139793
0.09500579163,0.0001598669915,0.001511568553,0.0002981071593
0.1050017916,-0.001635160064,-0.0005711822305,0.001676580869
0.1149977916,-0.0008386085974,0.00004720361903,0.0007476701867
0.1249937918,-0.0005400531227,0.001075255685,-0.0009643319645
0.1349907918,0.001169163617,0.000287758885,-0.001149687916
0.1449867918,0.0004077210324,0.00023635244,0.001889094245
0.1549827917,0.001645291923,-0.001328254817,0.000307176495
0.1649787917,-0.0003816387034,0.00127227488,-0.00219735154
0.1749747917,0.001867400832,-0.0008465360152,0.001170215663
0.1849717917,0.0005271510454,0.0003535109572,0.0005888049491
0.1949677917,0.0008121093269,-0.0004579541273,0.00002341589425
0.2049637916,0.001052046893,-0.001675144304,0.001464652363
0.2149597916,-0.001598064788,-0.00123305968,0.001833500341
0.2249557916,0.001451046672,0.001017549075,-0.0008516171947
0.2349527916,-0.001154590165,-0.001253328286,-0.00141700625
0.2449487916,-0.001694120583,-0.0007382918848,-0.00071085745
0.2549447918,-0.0006706677377,0.0001035333844,0.002233000705
0.2649407918,-0.0005800637882,-0.0001860047923,0.0006897500716
0.2749367917,0.0004883963848,0.000741840573,-0.0002173226094
0.2849337917,-0.00194859691,-0.0006207174156,0.001429599826
0.2949297917,-0.001148317009,0.00008741719648,0.002960384823
0.3049257917,0.0008905972354,-0.0009568801615,0.0004812726984
0.3149217917,-0.0008055701619,-0.0004745817278,-0.0003922441974
0.3249177916,0.001357188099,-0.0005615920527,0.002385035157
0.3349147916,0.0001156225335,-0.001121122274,-0.001383604016
0.3449107916,0.0004656200763,-0.001552294591,0.0002461603144
0.3549067916,-0.001126417541,0.00001151347533,-0.00003506941721
0.3649027918,0.0002177351853,0.0002638859442,0.0008652765537
0.3748987918,0.0003522248007,-0.001114033628,0.001398973982
0.3848957918,0.000921542407,0.001796426135,-0.001270764042
0.3948917917,-0.000973563001,0.003014289774,-0.0030177976
0.4048877917,-0.0001023613149,0.001939872513,-0.0000004918547347
0.4148837917,-0.002439018805,-0.001068966929,-0.002058316488
0.4248797917,-0.0001671551145,0.001082196017,-0.00004459230695
0.4348767917,0.0009873250965,-0.0008328831755,0.001482730615
0.4448727916,-0.000576793449,0.002520233858,0.0007261021528
0.4548687916,-0.0006194040179,-0.002468932187,0.001339960843
0.4648647916,-0.0005494453944,0.0009311380563,-0.001325591933
0.4748607916,-0.0002019028761,0.0002099539852,0.001020653057
0.4848577918,0.00133390876,0.0004114414332,0.0005316777388
0.4948537918,0.0003613223089,0.001012783265,0.0004107701825
0.5048497918,0.001688003307,0.001247620676,-0.001677872962
0.5148457917,0.001377745066,-0.003629160114,-0.001949781668
0.5248417917,0.0001962006791,-0.002672852483,0.002018060535
0.5348387917,0.0006526665529,-0.0004717499251,-0.001351104467
0.5448347917,-0.001629140577,0.0001025523525,-0.0005594886607
0.5548307917,0.00006516242865,0.001374478103,-0.00005934701767
0.5648267916,-0.001391217578,0.001196022378,0.001517666387
0.5748227916,-0.0007640431868,0.0007065333193,0.00001164874993
0.5848197916,-0.0005574483657,-0.001170945354,-0.0009575245786
0.5948157916,0.001106494688,0.00033081125,0.001151166391
0.6048117918,-0.0006450020592,0.0001527017448,0.0001702266745
0.6148077918,-0.0000657645287,0.0004139578668,-0.0009051577072
0.6248037918,-0.0006392132491,-0.003854944138,-0.0001154263737
0.6348007917,0.002235669177,-0.001711365767,0.003644690849
0.6447967917,-0.001545187668,0.002441155026,-0.0003932609688
0.6547884166,0.001998947002,0.001615841524,0.0003713325132
0.6647844168,-0.001637497451,-0.0001892982982,0.001888683648
0.6747804168,0.0003875701223,0.0003305508289,0.001343534677
0.6847774168,-0.0001394761493,-0.0001373544801,-0.002150991466
0.6947734167,-0.0007160505047,-0.001590641681,0.0004980548983
0.7047694167,0.0001495918259,-0.001388923731,0.001518260804
0.7147654167,-0.001413417398,-0.002755391644,0.0007363565965
0.7247614167,-0.001067077159,0.0007017840398,-0.001020988217
0.7347584167,-0.0004114068579,-0.0024367515,-0.0009546755464
0.7447544166,0.001163733774,0.0003377218964,0.001793491188
0.7547504166,-0.001445897738,-0.001725162612,0.001263255719
0.7647464166,0.0003441631561,0.001003981335,-0.0005644712364
0.7747424168,0.0002869052114,-0.001063963166,0.002912285738
0.7847394168,0.0008288677782,0.0006145567168,0.002926750574
0.7947354168,-0.0001016408205,-0.001172690652,0.0009344395949
0.8047314167,-0.001389261452,-0.001022155629,0.001290089334
0.8147274167,0.0006808136823,0.0006857295521,-0.001324335928
0.8247234167,0.0006314943312,-0.001338178292,-0.001999316271
0.8347204167,0.0005808942951,0.00004133908078,-0.0009873150848
0.8447164167,0.0002391848247,0.003230633913,0.001079201465
0.8547124167,0.0002466416918,0.0004774580011,0.002077087993
0.8647084166,0.00007072137669,0.001723904861,0.0003328607418
0.8747044166,0.001462223008,0.0002029736061,-0.0009776807856
0.8847014166,-0.0005433482002,-0.000937004108,0.00007908616681
0.8946974166,0.002769624349,-0.0006110332906,0.001260730787
0.9046934168,-0.0008026143769,-0.001123725669,-0.001344652614
0.9146894168,0.0005071281921,0.0007878912147,-0.001997393323
0.9246854167,0.002338194987,-0.001070038415,-0.000217272318
0.9346824167,0.002729945816,0.001510298345,0.0001707501942
0.9446784167,0.002747372026,-0.002376179211,0.0001811741386
0.9546744167,-0.0002984852763,-0.002142087091,-0.00141272787
0.9646704167,-0.001877331291,0.0008159173885,0.0004543225514
0.9746664166,-0.0005532075884,0.0007823614869,-0.0009686043486
0.9846634166,-0.0005489436444,-0.002305247821,0.000106667052
0.9946594166,0.002542453818,0.0003363417927,-0.001176710241
1.004655417,-0.0005513197393,-0.0002379373182,-0.00220798119
1.014651417,-0.0002988520428,0.0008371807635,-0.002075888449
1.024647417,0.002435128903,-0.002540784888,0.0003970870748
1.034644417,0.0001860893099,-0.0005972101353,-0.0001581819961
1.044640417,-0.0001107968856,0.0004818518646,0.0002557496773
1.054636417,-0.0004199898685,-0.0004081765655,-0.001652937848
1.064632417,0.0004254103405,0.00004248437472,-0.001432285528
1.074628417,-0.001883283956,-0.0001473990269,0.001569629763
1.084625417,0.0008033672348,-0.00005725608207,0.0009695795598
1.094621417,0.0008568968624,-0.001209339593,-0.0007042170037
1.104617417,0.0006974843564,0.00137434213,-0.00108309905
1.114613417,0.0007289096247,0.001275805174,0.001925207791
1.124609417,-0.0004952574382,0.0008111363277,0.001878762618
1.134606417,0.0004810574464,-0.0009289730806,-0.002004658803
1.144602417,0.001099508721,-0.001191385323,-0.0006379779661
1.154598417,-0.001244871994,0.0002318079351,0.002900031395
1.164594417,0.0001961941598,0.0002457563533,-0.001231859904
1.174590417,-0.0002690600813,0.0009227318224,0.0005932042841
1.184587417,0.0004645496374,-0.000606805319,0.00007223419379
1.194583417,-0.0009850088973,0.001167392591,0.002451236127
1.204579417,-0.0004483090015,-0.0004610668402,0.0000501521863
1.214575417,0.0001817949815,-0.001989987912,-0.002265732735
1.224571417,-0.0002282931819,0.001131923171,0.001045005163
1.234568417,0.00009368301835,-0.000473164022,0.002626389964
1.244564417,-0.0001274447422,-0.0007037054747,-0.001474240329
1.254560417,-0.0008219971787,0.0001687462209,0.0003066154895
1.264556417,0.0003269920126,0.002480288502,0.001188665978
1.274552417,-0.001223233994,0.001260560704,-0.002220979193
1.284549417,-0.0003312153276,0.00003485521302,0.0008563284064
1.294545417,-0.0000422623707,-0.001822167076,-0.0003309088061
1.304541417,0.003125967225,0.0003574627917,-0.0009550929535
1.314537417,-0.002596633509,-0.0005552025978,0.0004518550122
1.324533417,0.001668889541,0.0002708490938,-0.0004440861521
1.334530417,-0.0009037239943,0.001668209676,0.002607097849
1.344526417,0.002462722128,0.00138126174,0.001639399095
1.354522417,-0.0004859297769,-0.0004105130211,0.0008393853204
1.364518417,0.002087246161,-0.002595000202,-0.001038796036
1.374514417,0.0008347617695,-0.0006460989825,0.0003340635449
1.384510417,0.0009170619305,0.0008820274379,0.000381161226
1.394507417,0.0006435551913,-0.001437053317,0.0006283025723
1.404503417,0.001829540357,-0.001822128426,-0.00004408706445
1.414499417,-0.001315919217,-0.0004298277199,0.0004475323949
1.424495417,0.001132862177,0.001031046617,0.0001827462111
1.434491417,0.0009155480657,0.00121906586,0.0003257580101
1.444488417,-0.0003490511444,-0.00008610729128,0.0006260486552
1.454484417,0.001348181395,-0.0003774571232,-0.001944168005
1.464480417,-0.00128993101,-0.001498776255,-0.00009255821351
1.474476417,-0.001538670273,0.000463174656,0.0002336790785
1.484472417,-0.0008999253623,0.0001080716029,0.000375646865
1.494469417,0.001164823421,-0.001181164524,0.00005926331505
1.504465417,-0.001455255318,-0.0003347781021,-0.00199705665
1.514461417,0.0004771343665,0.000756585272,-0.00003483961336
1.524457417,-0.00112628215,-0.001256407937,-0.0001665652962
1.534453417,-0.0004394529387,0.001795042073,0.00003903079778
1.544450417,0.001033915323,-0.001390809892,-0.0006035404513
1.554446417,-0.0003573198919,-0.0004387297668,0.002362954896
1.564442417,-0.0003027039929,-0.0006659978535,0.002355716191
1.574438417,-0.0006571707199,-0.001611419953,-0.0007740308065
1.584434417,0.0007430460537,-0.002659379737,0.001744894776
1.594431417,0.001195517252,0.0002501239069,0.0006380849518
1.604427417,0.001765251392,0.0002369979629,0.0005607886706
1.614423417,-0.001194585813,-0.001651183236,-0.001583855017
1.624419417,0.0001514386386,-0.0002981291618,0.001160986372
1.634415417,-0.002147934632,0.001318675932,0.002806553617
1.644412417,0.0007776875282,-0.002608161885,0.0002791458974
1.654412583,-0.0006862521404,-0.001898429357,0.0005819472717
1.664408583,0.0002467564773,-0.001790661598,-0.002512980951
1.674404583,-0.001392419101,0.002009935677,0.001035414869
1.684400583,0.001133343205,-0.0006796608213,-0.00229089614
1.694397583,0.0003362590214,0.00004072417505,-0.002550820587
1.704393583,0.00008777098265,0.0001778195146,0.0009658725467
1.714389583,0.0009088235674,0.0001783522312,0.002545659896
1.724385583,0.000468588667,0.001660467591,-0.0002187115606
1.734381583,-0.0003521976178,-0.0005307814572,0.0005176524865
1.744378583,-0.0009478165885,-0.0007260728162,0.0008775187889
1.754374583,0.004285560921,0.0001330629457,-0.0003901458113
1.764370583,-0.0003036486451,-0.00005882722326,-0.0002170198131
1.774366583,0.0009424443124,-0.001301724464,-0.0005821391242
1.784362583,-0.0003124757204,0.001209799084,-0.000283833826
1.794359583,0.0006862096488,-0.001186779467,-0.002694793511
1.804355583,0.0007299387362,0.00260028569,0.0008976114914
1.814351583,0.001864711638,-0.001904451288,-0.002605244052
1.824347583,-0.002269794,0.000210333732,0.001472662902
1.834343583,0.0001182624837,0.0006710606394,-0.0005215120036
1.844340583,0.001109004836,0.001430204604,-0.003385389224
1.854336583,-0.0002785021206,-0.0001921930816,0.001008293941
1.864332583,-0.001349113183,0.0006631423021,0.0008576529799
1.874328583,-0.002438878641,-0.002542771166,-0.001182328328
1.884324583,0.001259739511,0.000561319408,-0.001184622291
1.894321583,0.0006746430881,0.003183467779,0.002183211036
1.904317583,0.00148536975,0.002575019142,0.0003868852509
1.914313583,0.00001557113137,0.001573404297,-0.001131649246
1.924309583,0.001347520854,0.0001415144652,-0.001594036235
1.934305583,-0.00143308565,0.001941012451,0.001714408747
1.944302583,0.001919229981,-0.0007037343457,-0.002062889514
1.954298583,-0.001369773992,-0.001356208697,0.00006790575571
1.964294583,-0.003311650828,0.001663161675,0.002604867797
1.974290583,-0.0003656621557,-0.0002013174817,0.0002524976153
1.984286583,-0.001020971918,-0.000527348835,-0.001084805233
1.994283583,0.00227468973,0.0001653393265,-0.0005694834981
2.004279583,0.0001294547692,0.0002721202327,0.001114353305
2.014275583,0.003736972809,-0.00007382431068,-0.0003762179986
2.024271583,-0.00260118139,0.0001314256806,-0.003785194363
2.034267583,0.001511538168,0.0001434099395,0.00150038139
2.044264583,-0.0001380777685,0.001266937936,0.0001507992856
2.054260583,-0.0001191692427,-0.0006587938406,0.001604352612
2.064256583,-0.000390156405,0.00001014582813,0.000373172923
2.074252583,-0.0004111953895,0.001206437708,0.0009350999026
2.084248583,-0.0007867255481,0.0007507996634,0.002655371325
2.094245583,-0.001038127928,0.0008994040545,-0.001859219163
2.104241583,0.000549052842,-0.002806664212,-0.0009512755787
2.114237583,-0.0005841221428,-0.001338729635,0.00108204782
2.124233583,-0.001280621043,0.00116034376,0.0002994745737
2.134229583,0.0006421812577,0.001169664785,-0.003407113021
2.144226583,0.001746476162,-0.0005291302223,-0.0005901661934
2.154222583,-0.001381672802,0.0004293414531,0.002026655711
2.164218583,-0.0002085066517,0.0002664898057,0.001210722839
2.174214583,0.0004058845807,0.002238826826,-0.00009662297089
2.184210583,0.002141353209,0.0004210456973,0.000648441026
2.194206583,-0.003204144072,-0.0007400924806,0.0006596262101
2.204203583,-0.0008966043824,0.001334591303,-0.00001399905887
2.214199583,0.0003068781225,-0.002529655583,0.002834784333
2.224195583,-0.002698471304,-0.002331760712,0.0009210200515
2.234191583,-0.001415094011,-0.0003716743086,0.0004839953035
2.244187583,0.0001131027238,0.00111825834,0.0005377163179
2.254184583,0.001337890397,-0.002272744663,0.001470089192
2.264180583,0.001065536984,0.0005515976809,-0.0003778999671
2.274176583,-0.001324117417,-0.00001805252396,0.003275157884
2.284172583,-0.00009150651749,0.000001341337338,0.0006621778011
2.294168583,-0.0008065652219,0.001470607356,-0.0004728613421
2.304165583,-0.001107545453,0.00073535298,-0.0003496202407
2.314161583,0.001597693423,0.0009968754603,-0.00191555894
2.324157583,0.0009390637279,-0.0005663693883,-0.001897732844
2.334153583,0.0003310639877,0.0001217913814,0.00170978508
2.344149583,-0.0006535096327,-0.0006966083311,0.001280869124
2.354146583,0.001124150469,0.001072529471,-0.00227871188
2.364142583,0.0002840602538,-0.002947498346,0.003628169186
2.374138583,-0.00179187383,-0.0003256164491,-0.0008171792142
2.384134583,-0.00192358694,0.00008361879736,-0.00006582145579
2.394130583,-0.001136622974,-0.0009393014479,0.0004660118138
2.404127583,0.001430000062,-0.0002470123582,-0.0003860091092
2.414123583,0.0004347767681,-0.001473131822,0.0004355760757
2.424119583,-0.001831311733,-0.00103714061,-0.001319234259
2.434115583,0.00114556984,-0.0001646890305,-0.001374095329
2.444111583,0.0004132167669,-0.001140271779,-0.001362869283
2.454108583,0.0002182733733,-0.001908061095,-0.00009760144167
2.464104583,0.0002050356707,-0.001056392444,-0.0006759051466
2.474100583,-0.0007920518983,-0.002925665118,-0.0001411424018
2.484096583,-0.003048758488,-0.001834794879,-0.0008426154964
2.494092583,0.00135504466,-0.003162380308,-0.0000005239853635
2.504089583,-0.002428137232,0.00005374732427,0.0006808859762
2.514085583,-0.0004294347018,-0.004769237712,-0.0005343144294
2.524081583,0.001669425517,-0.001051110681,0.001233566785
2.534077583,0.002346933819,0.001126023475,-0.0009933685651
2.544073583,-0.001609020401,-0.001987827243,-0.001684059505
2.554070583,-0.003686552402,-0.001663454343,-0.0002001462271
2.564066583,-0.0002973215887,-0.003172992496,-0.002249879763
2.574062583,0.0002731275745,-0.0008334054146,-0.00236572721
2.584058583,-0.0005762847723,0.00007350789383,-0.0005546291359
2.594054583,-0.002579780761,-0.001465799287,0.00005976215471
2.604051583,-0.0005571885267,-0.002628717571,0.001286063693
2.614047583,0.0003826409811,-0.002838042099,-0.0008761567296
2.624043583,-0.00049558311,-0.0004723374732,0.000105685438
2.634039583,-0.002091615461,-0.002113111084,0.0003488318762
2.644035583,0.0006134521682,-0.000632471405,-0.0004806641955
2.654031917,0.00241321628,-0.00009264866821,-0.001210103976
2.664028917,-0.000674017705,0.0003016053233,-0.0005022757687
2.674024917,-0.0001685497118,0.000190817751,0.00008867960423
2.684020917,-0.002339344472,-0.002294430742,-0.0000862784218
2.694016917,0.0001781416358,-0.0004493927117,0.0003680569353
2.704012917,0.001293352456,0.0002828146098,-0.0001270534704
2.714009917,-0.002252380131,0.0002892061602,-0.00009695976041
2.724005917,-0.003777083941,-0.001261157217,-0.0004639462568
2.734001917,0.001830734196,-0.0003008213826,-0.001383802155
2.743997917,-0.0005019946839,-0.001305641141,0.0006502860924
2.753993917,-0.001016517403,0.002595889848,-0.0005212383112
2.763990917,0.00330108311,0.0001211815979,0.001194537501
2.773986917,0.001805984532,-0.0004631159827,-0.0008925817674
2.783982917,0.00045244582,-0.000142988516,0.002825649921
2.793978917,0.001740084146,0.0004056226462,0.002087688074
2.803974917,0.001213373849,-0.001571611734,-0.0003522785846
2.813971917,0.0007398638409,-0.0008464329876,0.0005172436358
2.823967917,0.001756163081,0.0002182277385,0.0006327996962
2.833963917,-0.001369589008,-0.002545068273,0.001457048114
2.843959917,0.002326540649,-0.001517317723,0.00159467163
2.853955917,0.0005651258398,0.002918709768,-0.0003720727982
2.863952917,-0.001507425448,-0.0001861327328,0.001768464339
2.873948917,-0.003270438174,0.003177439794,-0.0009138714522
2.883944917,-0.0005751423887,-0.0004528318532,-0.0008529474726
2.893940917,0.0002893196652,0.001614846522,0.001112731639
2.903936917,-0.001290137181,0.001500658342,-0.001937457593
2.913933917,0.0007692853687,-0.0006535726134,-0.002801919822
2.923929917,-0.00125831808,0.001400911715,-0.002830563812
2.933925917,-0.001598137431,0.000122328056,-0.0002041542903
2.943921917,0.0003756203223,-0.0001625854056,-0.000836514635
2.953917917,0.002487773309,0.000594817684,-0.001624277676
2.963914917,0.0002875160426,-0.0001201869454,-0.0009706341662
2.973910917,-0.0009873391828,-0.002822230104,0.001013953355
2.983906917,-0.001883557299,-0.0004421775229,-0.002238301327
2.993902917,0.0009367302991,-0.001310368069,0.00005840871017
3.003898917,-0.0006988663808,-0.001471476164,0.0006039250875
3.013895917,0.0005211277166,0.00158530008,-0.0006315152859
3.023891917,-0.0009122857009,-0.002385663101,-0.003313640598
3.033887917,-0.001056362758,0.001151281293,0.002558895852
3.043883917,-0.000984329381,-0.002197080525,-0.0001316041453
3.053879917,0.0000812014332,0.001503648004,0.0007514999015
3.063875917,-0.001055288827,-0.002072815318,0.0004868664546
3.073872917,0.0009399515111,0.002378924517,-0.001411701087
3.083868917,0.001234866446,0.00106343464,0.0009509759257
3.093864917,-0.001408587326,0.0009153629653,-0.0004770109663
3.103860917,0.003627405269,0.001131203724,-0.001150100958
3.113856917,-0.001584933372,0.001518959994,0.00007229007315
3.123853917,-0.0008443613769,0.0004076262703,0.00211093761
3.133849917,-0.001066469005,-0.0004318021238,0.0001362033654
3.143845917,0.001588021871,0.001401845482,-0.002590393182
3.153841917,0.001434890088,-0.0002522438299,0.002710096538
3.163837917,0.001766680274,-0.000814457424,-0.002139444929
3.173834917,-0.0001063209493,0.002794924658,-0.0001372803235
3.183830917,-0.0005808348651,-0.001229983056,0.0009441381553
3.193826917,0.000942226965,-0.001403887291,0.001534294686
3.203822917,0.0002877133666,0.0004519623471,0.0013066174
3.213818917,-0.0004438569886,-0.0004966557026,-0.0002915455261
3.223815917,-0.0006144203944,0.0000711849425,0.0004546617856
3.233811917,0.003090303158,-0.0007258993573,0.0006490725791
3.243807917,-0.001368729398,0.001329616294,-0.0005918185925
3.253803917,0.00109016709,-0.0009769473691,0.0002566644689
3.263799917,-0.0006561634364,-0.001086674398,0.000099173747
3.273796917,-0.0001573533518,0.0003777978709,0.0006051744567
3.283792917,-0.0005484656431,0.0009106806247,0.0006143994397
3.293788917,-0.000186275749,0.002165562008,-0.002763553988
3.303784917,0.00014637399,0.001201381558,0.002910039853
3.313780917,-0.0003958455636,0.001177146682,-0.0009363634163
3.323777917,-0.001297641778,-0.00007221475244,-0.0008376847254
3.333773917,-0.001383928116,-0.0005907323211,0.001844384708
3.343769917,0.0004051093711,-0.001713585341,0.001036457601
3.353765917,0.0007451949641,-0.0012571197,-0.002127377782
3.363761917,0.001505689113,0.001047338475,-0.0006358947139
3.373758917,-0.0006480092416,0.001231895527,0.00161527528
3.383754917,0.001954204403,-0.0004972221795,0.0009085857309
3.393750917,0.002472987864,0.001502279192,-0.001163353678
3.403746917,0.0007869647816,-0.001096053515,-0.0005331521388
3.413742917,-0.0009342362173,0.0007143635303,0.00006259698421
3.423738917,0.002761129988,0.0004078344209,0.001638017828
3.433735917,-0.00006767967716,-0.002554133302,-0.0002629465889
3.443731917,-0.00006127194501,-0.001188125927,-0.001211798051
3.453727917,-0.002955329139,-0.004852369428,0.0001554688206
3.463723917,0.00005655677523,-0.0003422349691,-0.00006267335266
3.473719917,0.0004112898605,-0.003613129258,-0.0008363216184
3.483716917,0.001439731452,-0.001332368003,0.000816653017
3.493712917,0.0009502425091,-0.0004412743729,0.002296305262
3.503708917,-0.003349460894,0.0008716573939,0.00289967237
3.513704917,-0.0009129348909,0.002643192187,0.0003092156257
3.523700917,0.001375726075,0.0009778495878,0.0007179321256
3.533697917,-0.0002112516086,0.0001855590381,0.001770413481
3.543693917,0.00009918946307,-0.0001915269531,-0.000006131478585
3.553689917,0.001353804604,-0.0003587733954,-0.00002983363811
3.563685917,-0.0005683719646,0.002617567312,-0.0001464022789
3.573681917,0.002052711323,0.002830354031,0.0007726545446
3.583678917,0.001668318175,0.001869882806,-0.002775648609
3.593674917,0.0007053192239,0.002027541865,0.00263456325
3.603670917,-0.00008065847214,0.001253494993,0.0005116009852
3.613666917,-0.00112195441,-0.0001473277807,-0.0006769677857
3.623662917,-0.0007476650062,0.0007421721239,-0.0005987160839
3.633659917,-0.002830523299,0.0009299248923,0.001135268016
3.643655917,-0.0009219323401,-0.0005522135179,-0.001141490415
3.653647417,0.00001283723395,0.001801754697,0.00186521851
3.663643417,-0.00136804441,0.002129116561,-0.0006079883315
3.673639417,-0.003513753414,0.003356034867,0.0004479549825
3.683636417,-0.003000939032,0.002357590245,-0.001103079878
3.693632417,-0.0004914423916,0.003492629388,0.0007965527475
3.703628417,0.001583781093,0.0005161712179,-0.001940806396
3.713624417,0.0006420873106,-0.001087051816,-0.001159434905
3.723620417,-0.001090999926,-0.003045537043,-0.0003966563381
3.733616417,-0.001504056156,-0.003755535465,-0.002188164741
3.743613417,-0.001542994287,-0.004514751025,-0.001179201063
3.753609417,-0.001817299984,0.0003037059214,-0.0007235342637
3.763605417,-0.001762915635,-0.00105109904,0.001651896862
3.773601417,-0.002284895163,0.001389155397,-0.0008767746622
3.783597417,-0.003755617421,0.001074840431,-0.0001093547326
3.793594417,-0.0009907237254,-0.000504946569,-0.00007207051385
3.803590417,-0.0008688275702,-0.00006039976142,-0.002342850203
3.813586417,-0.004357302561,0.005690430291,0.0005030035973
3.823582417,-0.003922010772,0.003147489391,-0.000439213356
3.833578417,0.0005267998204,-0.000061619794,-0.003187861759
3.843575417,-0.001216395875,-0.00394083187,-0.0002372303279
3.853571417,-0.0002225041389,-0.002028948627,-0.0003943567863
3.863567417,0.001240262063,-0.003499442711,0.001813114155
3.873563417,-0.0006673602038,-0.002599294297,0.0001228058245
3.883559417,-0.00151319406,-0.001886578044,-0.002015647944
3.893556417,0.0008815203328,-0.002482061042,0.001360707683
3.903552417,0.001776934834,0.00282056164,0.0005831659073
3.913548417,0.0004464194644,-0.0006386183668,-0.002677342156
3.923544417,-0.0009948808001,-0.002540722024,0.0003279993543
3.933540417,0.001063742675,-0.0005121920258,-0.00110504753
3.943537417,-0.0002352248412,-0.003622907447,-0.001246494474
3.953533417,0.001869737636,-0.004121184349,-0.001038235147
3.963529417,0.001976286061,-0.004159646109,-0.0004040359054
3.973525417,0.001565360115,-0.003149775555,-0.0007348005893
3.983521417,0.003518818179,-0.002883662935,0.0005779836792
3.993517417,0.0006260925438,-0.0005648487713,0.0004850393161
4.003514417,0.0009355160873,0.002155930968,0.002020929242
4.013510417,0.001671613893,0.004039051943,-0.00009681645315
4.023506417,-0.001490939991,0.003271897556,-0.00107045495
4.033502417,-0.003129050368,0.006152372807,-0.001384175383
4.043498417,-0.003504205495,0.004258774687,-0.002054733923
4.053495417,-0.002885819413,0.004317896906,0.001057435991
4.063491417,-0.001670052879,0.00113131851,-0.001087521436
4.073487417,-0.00001702876762,0.002103638602,-0.0002507561585
4.083483417,0.001559152734,-0.0003327319864,0.001177351805
4.093479417,0.001455555903,-0.0005985153839,-0.0007065684767
4.103476417,0.0003104803618,0.001763329608,-0.0002483177232
4.113472417,-0.001400334295,0.002255748026,0.0001413028222
4.123468417,0.0002042707056,0.001137749641,-0.000784966629
4.133464417,0.001896177069,0.001459725783,-0.0003000050783
4.143460417,0.001295244554,-0.000484108692,0.0005378513597
4.153457417,-0.001140748849,0.0005438715452,-0.0004733508686
4.163453417,-0.00002745818347,0.003456192091,0.0007789282827
4.173449417,-0.004619813059,0.001368273748,-0.0007401388139
4.183445417,-0.002010656754,-0.0001516370103,0.001790936221
4.193441417,0.0002101531718,-0.001632620813,0.0006116885925
4.203438417,-0.0003344418947,-0.000670227455,0.0007174056955
4.213434417,0.002525793156,0.0003447033232,-0.0002509196056
4.223430417,0.00145638769,0.0002174254041,-0.001658076537
4.233426417,0.00252644578,-0.002427626168,-0.0002247632947
4.243422417,0.0000280829845,-0.001430063508,-0.001622208278
4.253418417,0.003033993067,-0.003951278049,-0.0001838350436
4.263415417,0.002427559812,-0.004196985159,0.001310329419
4.273411417,-0.0002265467192,-0.002394824289,-0.003593615489
4.283407417,0.003630010411,0.002212238964,-0.1818061024
4.293403417,0.02554010227,-0.001230429392,-0.9970290065
4.303399417,0.05149517208,-0.01048603375,-2.281027555
4.313396417,0.06229854748,-0.01574071683,-2.84330225
4.323392417,0.05525514111,-0.008688566275,-2.780661821
4.333388417,0.04621157795,-0.007026487961,-2.319951773
4.343384417,0.03647281229,-0.002908541588,-1.718445539
4.353380417,0.02060676366,-0.0001646864694,-1.131587386
4.363377417,0.01466345321,0.004727963824,-0.6256464124
4.373373417,0.003629977582,0.009061193094,-0.2672171891
4.383369417,0.005343022756,0.00447341986,-0.1962410063
4.393365417,0.01551390067,0.003410818987,-0.6043376923
4.403361417,0.03060432151,-0.0002391440794,-1.366831899
4.413358417,0.04917480797,-0.005051476415,-2.102974653
4.423354417,0.05798531696,-0.008723508567,-2.644339085
4.433350417,0.06327621639,-0.008407391608,-2.937696934
4.443346417,0.06626253575,-0.009876653552,-2.881730318
4.453342417,0.05899370089,-0.01105803251,-2.567042351
4.463339417,0.05112528056,-0.01161703374,-2.188931942
4.473335417,0.04373341054,-0.009849227034,-1.829984069
4.483331417,0.03408935666,-0.006080408115,-1.517321348
4.493327417,0.03094922379,0.0008307609241,-1.355735898
4.503323417,0.03070746735,0.005065446254,-1.378706574
4.513319417,0.03244571388,0.002462472534,-1.490689039
4.523316417,0.03804116324,-0.00257942616,-1.645502687
4.533312417,0.0440476574,-0.002549332799,-1.854027867
4.543308417,0.04658974335,-0.01019255072,-2.066330194
4.553304417,0.05023827404,-0.005907790735,-2.18567276
4.563300417,0.04793227836,-0.006914036348,-2.171847105
4.573297417,0.04597458988,-0.007258916274,-2.055869341
4.583293417,0.04355320707,-0.006289687939,-1.875224233
4.593289417,0.03921278566,-0.003721868154,-1.713591695
4.603285417,0.03804653883,-0.006009369157,-1.619618058
4.613281417,0.03709472716,-0.007187285461,-1.581388116
4.623278417,0.03485939279,-0.005139747635,-1.590252876
4.633274417,0.03949568793,-0.004571429454,-1.672993302
4.643270417,0.0416199863,-0.003966775723,-1.785301924
4.653266667,0.04405491427,-0.00789360702,-1.884958506
4.663262667,0.04395228997,-0.00469324505,-1.928194523
4.673259667,0.04423059151,-0.009164426476,-1.895572066
4.683255667,0.04304326326,-0.009178042412,-1.848487854
4.693251667,0.04057957232,-0.005233367905,-1.798577309
4.703247667,0.03895145282,-0.00504440302,-1.806368589
4.713243667,0.04377150536,-0.01030041743,-1.833606005
4.723239667,0.03951747343,-0.009680112824,-1.730904102
4.733236667,0.03699013218,-0.007213492878,-1.563318372
4.743232667,0.03465112671,-0.0001498789061,-1.477391481
4.753228667,0.03571426123,-0.006008833647,-1.481076241
4.763224667,0.03872328252,-0.003320478369,-1.542575955
4.773220667,0.03963088617,-0.007300572004,-1.64195466
4.783217667,0.04418805614,-0.006580350921,-1.805289865
4.793213667,0.04554866254,-0.00890156161,-1.957599044
4.803209667,0.04687017202,-0.008425276726,-2.053312063
4.813205667,0.04557134956,-0.006752812304,-2.071688414
4.823201667,0.04740177467,-0.007331255823,-2.075035572
4.833198667,0.04820285365,-0.007145101205,-2.035928249
4.843194667,0.04589480907,-0.005421499722,-2.004211426
4.853190667,0.04623889178,-0.00846389588,-1.97134304
4.863186667,0.0444210656,-0.005674922373,-1.983971357
4.873182667,0.047128167,-0.008562054485,-2.026252508
4.883179667,0.04994734377,-0.01101130806,-2.070418119
4.893175667,0.0471984297,-0.007815248333,-2.086777687
4.903171667,0.04916845262,-0.01313550677,-2.1101861
4.913167667,0.04832822457,-0.0117069874,-2.126550436
4.923163667,0.04871514812,-0.01202682778,-2.084627867
4.933160667,0.04799316451,-0.009601486847,-2.015429258
4.943156667,0.04449175671,-0.006988657638,-1.899562478
4.953152667,0.04093803465,-0.003324414138,-1.823671222
4.963148667,0.04126279429,-0.006522405893,-1.779113412
4.973144667,0.03600012138,-0.006559956819,-1.693398237
4.983140667,0.03841836378,-0.006469984539,-1.607875705
4.993137667,0.03420284763,-0.0002589598298,-1.509379387
5.003133667,0.03379681706,-0.004533811472,-1.479086041
5.013129667,0.03666663915,-0.009747482836,-1.583736897
5.023125667,0.03799508885,-0.006209048443,-1.597735405
5.033121667,0.03516148776,-0.008431189694,-1.572947025
5.043118667,0.0348084718,-0.00995841343,-1.546487451
5.053114667,0.03516027331,-0.01111582294,-1.500298142
5.063110667,0.03334631026,-0.006960696075,-1.459875107
5.073106667,0.03479000926,-0.005277578719,-1.457947493
5.083102667,0.03498117626,-0.01342350058,-1.519079924
5.093099667,0.03992267326,-0.009570439346,-1.599027753
5.103095667,0.03316197172,-0.01159870252,-1.511131167
5.113091667,0.0300106518,-0.006639364175,-1.30382812
5.123087667,0.02434867248,-0.009184433147,-1.14069581
5.133083667,0.02205169573,-0.002042634413,-1.027442455
5.143080667,0.02466119267,-0.0004745156039,-1.038583636
5.153076667,0.02870493568,-0.00638273824,-1.186853528
5.163072667,0.02856453881,-0.006111740135,-1.222243071
5.173068667,0.02614106238,-0.00503449142,-1.084856987
5.183064667,0.02238860168,-0.004051143304,-0.8865548372
5.193060667,0.01661779732,-0.003695877967,-0.705581069
5.203057667,0.01092808787,-0.003271321533,-0.5665686727
5.213053667,0.008571989834,-0.00617976021,-0.3898495138
5.223049667,0.001448465511,-0.006477386691,-0.1812613159
5.233045667,-0.002057852456,-0.006048085168,-0.00997345522
5.243041667,-0.0002490315819,-0.006439207122,0.001946199453
5.253038667,-0.001558507793,-0.004956890829,0.00151103898
5.263034667,0.001799636288,-0.004759436008,0.001586513128
5.273030667,0.0003716492793,-0.004333862569,0.0001633199863
5.283026667,0.003468622454,0.002589875134,0.001503000618
5.293022667,0.003373281565,0.001715825754,0.0003461235901
5.303019667,0.002865900984,0.003195099998,-0.001041319105
5.313015667,0.001972942846,0.005330156069,-0.001705245231
5.323011667,0.00220195693,0.007825758308,0.002610373311
5.333007667,0.002888253657,0.008532028645,0.0005655979039
5.343003667,0.003378043184,0.001455373596,0.00021037634
5.353000667,0.003468856914,0.005764101632,0.00192651723
5.362996667,0.003767464543,0.001684660558,0.00162649469
5.372992667,0.0005493008066,0.001701971167,0.001019294024
5.382988667,-0.0007065474056,0.003157611936,-0.000466081081
5.392984667,0.0003467327915,0.002082493855,0.0002630923409
5.402981667,0.0006050757365,-0.0003904711921,0.001204022905
5.412977667,-0.0009251765441,-0.0001294815447,0.00004155305214
5.422973667,-0.0008482931298,0.0001246458851,-0.0001541959355
5.432969667,-0.0005779822823,-0.0001949334983,-0.0001917465124
5.442965667,-0.001205516863,-0.001128764823,0.0008319788612
5.452961667,-0.00008725555381,0.001379932743,0.000444755191
5.462958667,0.001458904007,0.0008791733999,-0.0002127711195
5.472954667,0.0003030920634,-0.001084375195,0.001225602115
5.482950667,-0.001454777783,0.002588762669,0.002523486968
5.492946667,-0.000460619689,-0.00005708774552,-0.0006278317887
5.502942667,-0.0003509323578,0.002116155578,0.0003002360463
5.512939667,-0.0013179261,0.001808294095,0.001733016688
5.522935667,0.0001817008015,0.00003312877379,0.00005696853623
5.532931667,0.002050973475,-0.000893651275,-0.0004977679346
5.542927667,-0.0001728169154,0.0006718123332,-0.0009617700125
5.552923667,0.001222413033,0.001570362947,0.001116028172
5.562920667,0.001473433338,-0.001577496529,0.002306822222
5.572916667,-0.0002914434299,-0.001959926682,-0.0002444859128
5.582912667,-0.0001615467481,0.001953332452,-0.00005898054224
5.592908667,-0.002577033825,0.001289140084,0.001806297456
5.602904667,0.00192868337,-0.001469102688,-0.0009556447621
5.612901667,0.0002668709494,-0.0001947802957,0.00001108273864
5.622897667,-0.0007660187548,0.0002590192016,0.001459670835
5.632893667,0.002607939998,0.002033217112,0.001847959706
5.642889667,0.0005218093283,0.001001497614,-0.0007986746496
5.652885667,0.00004750036169,0.002074218821,-0.0002127791522
5.662886042,0.001138674095,-0.002398549346,0.002840253524
5.672883042,0.001216438366,0.001262764679,-0.0006058769068
5.682879042,0.00004403130151,0.0003049860243,-0.001009471249
5.692875042,-0.0002326711547,0.002366006374,-0.001271259971
5.702871042,0.0003274407936,0.0009834046941,0.0007609331515
5.712867042,0.001669940306,0.002464654855,0.00140674971
5.722864042,-0.001757131424,0.002613256685,-0.0008850710001
5.732860042,0.001416823827,-0.00004244735464,-0.001032610075
5.742856042,0.0003541744081,0.0005313513102,-0.002845093608
5.752852042,0.0001861290075,0.00372155197,0.001594662201
5.762848042,0.001594406553,0.00056241313,0.003323441604
5.772845042,0.0004393936833,0.0002055496443,-0.001015912974
5.782841042,0.0002083012369,0.0008759254124,-0.0006421841681
5.792837042,-0.0005621511955,0.002358507132,0.0002534368541
5.802833042,-0.00007309590001,0.002367279958,-0.000812851009
5.812829042,-0.001055802335,0.001568598091,0.001514219213
5.822826042,0.0006634056335,0.0010530164,0.002916983329
5.832822042,-0.001537696924,0.0009361036355,0.001520954189
5.842818042,0.001857763622,0.0007672492648,0.000006697373465
5.852814042,-0.002412615344,-0.000132100191,0.00101283961
5.862810042,0.0003206606489,-0.0006544368807,0.0006860024296
5.872807042,0.001406431315,-0.001230212394,0.0002476461232
5.882803042,0.0006792995846,-0.001319009578,-0.0017890319
5.892799042,-0.0001377582666,0.0004234967055,0.001571877277
5.902795042,-0.001599997282,0.001062323689,-0.0006708507426
5.912791042,0.002418446355,-0.001001892611,-0.0005360947689
5.922787042,-0.002086814027,0.0003357824171,-0.0006163701182
5.932784042,0.001251458656,-0.0004754164256,0.0002502226271
5.942780042,-0.0003885781625,-0.001614999259,-0.002115122974
5.952776042,0.0004223543219,-0.0006256347988,0.0003022283781
5.962772042,0.001072485931,0.001156789484,0.0006307454314
5.972768042,0.002539088717,-0.002341805492,-0.00113626197
5.982765042,-0.00130700029,-0.002070929389,0.001836142852
5.992761042,0.0002653300762,-0.001315390458,-0.001027554274
6.002757042,0.001546375337,0.001058281865,0.002241881564
6.012753042,-0.0003295552451,-0.001568394015,-0.001590140862
6.022749042,-0.00172908674,-0.0005121531431,-0.0006062044995
6.032746042,0.0005082348362,-0.002534291474,0.001456413767
6.042742042,0.0008283689385,-0.002921803854,0.000871243421
6.052738042,0.001129572396,0.001544051105,-0.0003676591441
6.062734042,-0.0004894396407,0.0006493972614,0.002406053245
6.072730042,0.0001744864276,-0.00008989614435,0.0005229319213
6.082726042,0.001736118924,-0.002954334486,0.0008570502978
6.092723042,-0.001261268742,-0.001780679217,-0.002832493046
6.102719042,-0.0005692989216,0.0008525655139,-0.0007064692909
6.112715042,-0.00044466299,-0.002528317505,-0.001046821242
6.122711042,0.0008594878018,0.0003130900441,-0.001534902491
6.132707042,0.00107307313,-0.002731435699,-0.00007708813064
6.142704042,0.001948687015,-0.002796328161,0.001467820839
6.152700042,0.0004024558002,0.0006263664691,0.00268648332
6.162696042,0.002298054984,-0.001217090525,-0.002244638978
6.172692042,-0.001172310207,0.001119833323,-0.001797494246
6.182688042,0.001285240054,-0.003166771261,0.000935027143
6.192685042,0.0006330319447,-0.00309752929,0.001323582372
6.202681042,-0.002089590766,-0.002448799787,-0.0005634943955
6.212677042,-0.0001971484744,0.002536904067,-0.001442337641
6.222673042,-0.0007807491929,-0.002369208494,0.001598402509
6.232669042,0.002347666305,-0.001840571174,0.0001565670827
6.242666042,0.0002395040356,-0.002671911381,-0.001158516854
6.252662042,0.002568172058,-0.0008029050659,-0.0001960503869
6.262658042,0.0005826805718,0.0002780463547,0.001224345528
6.272654042,-0.001027999213,-0.00178110972,0.0005444404669
6.282650042,-0.000906882633,0.001483070781,-0.001019420801
6.292647042,-0.0007388371741,-0.0009681025986,0.002725516446
6.302643042,0.001058285008,0.0003073518164,-0.002116796095
6.312639042,-0.0006820908748,0.002939886414,-0.0006243607495
6.322635042,-0.0005488330498,0.0003929303493,-0.001567710657
6.332631042,0.01329720765,-0.003733105026,-0.008594460785
6.342627042,0.05316987261,0.005508946255,-0.001109241392
6.352624042,0.06217881665,0.005452753976,-0.002591290511
6.362620042,0.05536469817,0.001997189829,-0.001154969446
6.372616042,0.05002186447,0.004395899363,-0.00272703357
6.382612042,0.05939685926,0.006537564099,0.0001127554569
6.392608042,0.09174920619,0.008046511561,-0.001897930983
6.402605042,0.1528886408,0.01316074096,0.001556595904
6.412601042,0.2131695598,0.01148454659,0.007422207855
6.422597042,0.2347455472,0.0117700398,0.003384492826
6.432593042,0.2814030647,0.009066664614,-0.002379120095
6.442589042,0.3416377008,0.007794461679,0.003257841803
6.452586042,0.3888014853,0.006174460519,0.02626116201
6.462582042,0.4374866188,0.01030768361,0.01820039935
6.472578042,0.4748220146,0.006800832227,0.01842996292
6.482574042,0.5008632541,0.005909319036,0.007245690096
6.492570042,0.5172941089,0.003772931173,-0.01553072874
6.502567042,0.5415949225,0.002568226075,-0.02565603703
6.512563042,0.5923851132,0.001387913129,-0.04218308255
6.522559042,0.6526260376,-0.005139443092,-0.07435555756
6.532555042,0.7092709541,-0.01758359559,-0.0979077518
6.542551042,0.7411628962,-0.02399084158,-0.1027008966
6.552547042,0.7560742497,-0.04527109489,-0.09343788773
6.562544042,0.781406939,-0.04867430776,-0.08618038148
6.572540042,0.8182962537,-0.04568757117,-0.06640747935
6.582536042,0.8699625134,-0.04131555185,-0.03602157533
6.592532042,0.918640554,-0.0446450375,-0.007365164347
6.602528042,0.972396493,-0.04355959222,0.01490080543
6.612525042,1.01928997,-0.04682888836,0.02306658961
6.622521042,1.068780303,-0.05131363869,0.01871833205
6.632517042,1.130513668,-0.0524135232,0.004970560782
6.642513042,1.200554848,-0.05389249325,-0.01444611698
6.652509042,1.266967893,-0.02911603823,-0.02511500753
6.662501792,1.31140244,-0.03047883697,-0.01958247833
6.672497792,1.330392122,-0.02822500281,0.02042858861
6.682493792,1.335749745,-0.02336797677,0.0460961014
6.692489792,1.323437452,-0.02091280743,0.04586946592
6.702485792,1.308571815,0.000657995115,0.06143866479
6.712482792,1.275694251,-0.0005516125821,0.09147646278
6.722478792,1.269827604,0.008055297658,0.1091274843
6.732474792,1.295836568,0.01275071688,0.1205726862
6.742470792,1.360961914,0.001356966095,0.1061041057
6.752466792,1.456043363,-0.003263085615,0.09549433738
6.762463792,1.534942031,0.0005480985856,0.07894172519
6.772459792,1.610056758,-0.01357331313,0.07343697548
6.782455792,1.685135007,0.009986517951,0.0764785111
6.792451792,1.75093019,-0.02089496516,0.05594473705
6.802447792,1.807013869,-0.01782578416,0.02439965867
6.812443792,1.836810112,-0.02154089324,0.008706715889
6.822440792,1.840247273,-0.03318624571,-0.003551540431
6.832436792,1.836820602,-0.03756181896,-0.00899823755
6.842432792,1.813815475,-0.03179123253,0.005126045551
6.852428792,1.811199546,-0.02173460647,0.02055906318
6.862424792,1.816916466,-0.02092857659,0.02853503078
6.872421792,1.827690482,-0.0152192926,0.03195426241
6.882417792,1.82713604,-0.02378844097,0.03460822999
6.892413792,1.82435286,-0.02388165146,0.04566221312
6.902409792,1.839942694,-0.03189851344,0.04989861324
6.912405792,1.858628035,0.009699796326,0.07421327382
6.922402792,1.86544776,0.01018470339,0.09401652217
6.932398792,1.851943135,0.02505579591,0.1089190394
6.942394792,1.83493638,0.04422773421,0.1123762876
6.952390792,1.822143674,0.02052666806,0.09897952527
6.962386792,1.812469482,0.03229394183,0.08692166954
6.972383792,1.807603121,-0.001292780042,0.07842565328
6.982379792,1.809963226,0.02385758422,0.07220068574
6.992375792,1.801083684,0.008253324777,0.05628883839
7.002371792,1.775266767,0.00001663761213,0.05254726484
7.012367792,1.764582992,0.001190026407,0.06844127923
7.022363792,1.698066115,0.2401277274,0.0869249329
7.032360792,1.687482238,0.03229143098,0.1316812187
7.042356792,1.72148478,0.07673742622,0.1324838549
7.052352792,1.75714612,0.07712252438,0.1211622134
7.062348792,1.751578689,0.04796537757,0.1161906123
7.072344792,1.746045351,0.03555158526,0.09722916782
7.082341792,1.742866516,0.01881786995,0.06501559168
7.092337792,1.729456782,-0.005894401111,0.04012994841
7.102333792,1.713122606,-0.01089246199,0.03496835381
7.112329792,1.701781273,-0.0003737742081,0.04422683269
7.122325792,1.679008126,0.01862586103,0.04866093025
7.132322792,1.657996297,0.0206948705,0.05293104425
7.142318792,1.626916766,0.02669995464,0.04620018229
7.152314792,1.597499728,0.04224802554,0.04181208834
7.162310792,1.606440544,0.09700811654,0.02881377004
7.172306792,1.62140274,0.0887978524,0.01796192117
7.182303792,1.609821677,0.04813678563,0.0002618255094
7.192299792,1.579890609,0.04131935909,-0.02743078768
7.202295792,1.568631649,0.01504314784,-0.03218416497
7.212291792,1.570189595,0.02902447805,-0.02137918957
7.222287792,1.561971784,0.02071744949,-0.03060478345
7.232284792,1.550910115,0.03117088974,-0.03791516274
7.242280792,1.555065989,0.04266312346,-0.03635520488
7.252276792,1.570990086,0.05889162794,-0.02926001139
7.262272792,1.561345577,0.02564276196,0.01964835823
7.272268792,1.536458373,0.03807306662,0.05075487867
7.282265792,1.518474817,0.02456731908,0.04237638786
7.292261792,1.500965595,0.03297198936,0.04293085635
7.302257792,1.483232856,0.02713471651,0.03882668912
7.312253792,1.453756452,0.01389481127,0.02524510212
7.322249792,1.409301758,0.02972085401,0.01801123656
7.332245792,1.362726569,0.04465932027,0.0226003956
7.342242792,1.324546099,0.08000452071,0.03548718244
7.352238792,1.285560608,0.1066164225,0.03876180202
7.362234792,1.257792234,0.1017484888,0.04954379797
7.372230792,1.239304304,0.115204379,0.06001854315
7.382226792,1.224759936,0.1187281758,0.0661438629
7.392223792,1.201839447,0.08490869403,0.04923385382
7.402219792,1.167024255,0.06462787092,0.03419362009
7.412215792,1.139643669,0.03297513723,0.03060314618
7.422211792,1.114162207,0.01710934192,0.03261074796
7.432207792,1.081053495,0.0259249378,0.03024239838
7.442204792,1.06522131,0.02605645731,0.02872613445
7.452200792,1.047588229,0.01908403449,0.02402512357
7.462196792,1.040336728,0.01480735652,-0.001881339005
7.472192792,1.031275749,0.01465848554,-0.02070349641
7.482188792,1.027706623,0.01157802157,-0.01028851606
7.492185792,1.021059394,0.026485065,0.0207002908
7.502181792,0.9993884563,0.0205020532,0.0372225754
7.512177792,0.9663505554,0.03263008595,0.04582298547
7.522173792,0.9452450275,0.01503879204,0.05924734473
7.532169792,0.9056438208,0.01862686872,0.04758536071
7.542166792,0.861491859,0.0005856115604,0.02366520278
7.552162792,0.8209274411,-0.006418501958,0.01125487406
7.562158792,0.7911453247,0.01652701385,-0.01103860233
7.572154792,0.7535787821,0.04566945136,-0.03585207462
7.582150792,0.6797227859,0.01556418836,0.009799596854
7.592147792,0.6077743173,-0.01630532742,0.03884589672
7.602143792,0.5600180626,-0.03237266093,0.0465815179
7.612139792,0.5399684906,-0.02540689893,0.02142663114
7.622135792,0.5343356133,-0.01074875705,0.0006299600936
7.632131792,0.5184940696,-0.005646939389,-0.01337081008
7.642127792,0.4841546416,-0.01495958678,-0.00283946516
7.652124792,0.4313015342,-0.03176306933,0.006709565409
7.662121167,0.4007189274,-0.03721972555,0.005999268033
7.672117167,0.3666448295,-0.02508450113,0.00431188941
7.682113167,0.32936728,-0.03532019258,0.007828184403
7.692109167,0.303265363,-0.01599016972,0.01044127811
7.702106167,0.2741303742,-0.01002399251,0.01987290755
7.712102167,0.2537071407,-0.005137891509,0.01672771573
7.722098167,0.2264570147,-0.01175676659,0.01836963743
7.732094167,0.2137041986,-0.009223300964,0.01888921857
7.742090167,0.1830100119,-0.0006475953851,0.007546909153
7.752087167,0.1603297442,-0.006544633303,0.008679019287
7.762083167,0.1460061222,-0.009307553992,0.004706944339
7.772079167,0.1299629807,-0.01761794649,0.005858229473
7.782075167,0.09806276113,-0.003166994313,0.0003452494275
7.792071167,0.07093580812,0.005607322324,-0.004933934659
7.802068167,0.03389649093,0.001768750371,-0.01145412214
7.812064167,-0.003445819486,-0.0008568600751,-0.006716624834
7.822060167,-0.04107788205,-0.002086876426,-0.00627759099
7.832056167,-0.0846754238,-0.007585771848,-0.002310013399
7.842052167,-0.1227059141,-0.00594068598,0.004990620539
7.852049167,-0.1574031711,-0.00576065667,0.008342208341
7.862045167,-0.1824468821,-0.006476827897,0.01201796439
7.872041167,-0.2017955333,-0.002439742209,0.01021846663
7.882037167,-0.2157880962,0.002868839307,0.007282818202
7.892033167,-0.2173929065,-0.001486494206,-0.002691785339
7.902029167,-0.2342056632,0.0084918309,-0.005815751851
7.912026167,-0.2422111332,0.0005023473641,-0.003186146729
7.922022167,-0.242531091,0.003136596177,0.001135208062
7.932018167,-0.2277359068,0.003025009762,0.004257764202
7.942014167,-0.2139505595,0.001353025669,0.009120852686
7.952010167,-0.2047565281,0.002088857116,0.007172750775
7.962007167,-0.1961596757,-0.0001129310112,0.005978692789
7.972003167,-0.1849355251,-0.0008919057436,0.002467847895
7.981999167,-0.1725728363,-0.0007503489032,-0.001460934989
7.991995167,-0.1611990184,-0.01016036235,0.002429410582
8.001991167,-0.143630892,-0.01776820049,0.00946394261
8.011988167,-0.1281541884,-0.01139578689,0.009388308972
8.021984167,-0.1084727049,-0.0007298870478,0.002720462624
8.031980167,-0.09050355852,0.00669979956,-0.006428561173
8.041976167,-0.08517836779,0.01058306359,-0.01064138487
8.051972167,-0.084002316,0.01189866476,-0.01099611819
8.061969167,-0.08667100221,0.006715778727,-0.005815234967
8.071965167,-0.09533586353,0.002383881016,0.00288717635
8.081961167,-0.1036711559,0.0141966464,0.004505251534
8.091957167,-0.1098781824,0.01280807424,0.008745003492
8.101953167,-0.1215439439,0.01424570568,0.01318681147
8.111950167,-0.1346088797,0.01871555485,0.0143554071
8.121946167,-0.1383862793,0.02703451738,0.01358125638
8.131942167,-0.1375924051,0.0836392045,0.01653097384
8.141938167,-0.1290628463,0.1011638269,0.01297935098
8.151934167,-0.1195002347,0.08317364752,-0.001652322593
8.161930167,-0.1284756511,0.1230465919,-0.01390930079
8.171927167,-0.1028421968,0.1134150028,-0.01980687305
8.181923167,-0.074922584,0.05083077401,-0.01133134682
8.191919167,-0.04707363993,0.03098462895,0.0132509619
8.201915167,-0.00336129684,0.09019596875,0.03454202786
8.211911167,0.04323976114,0.06212039292,0.03304719552
8.221908167,0.1114648581,0.02410883456,0.01979671046
8.231904167,0.1886749566,0.02859226614,0.007606091909
8.241900167,0.2150886804,0.01416975446,-0.001579195843
8.251896167,0.2253807336,0.0123042101,-0.01731288433
8.261892167,0.2288596928,-0.0008825405966,-0.02739990316
8.271889167,0.224937126,-0.02005996369,-0.03796705976
8.281885167,0.2130890042,-0.007256868295,-0.03074814007
8.291881167,0.2004845291,-0.01364632417,-0.01402109303
8.301877167,0.189158082,-0.0199369248,0.0006535678403
8.311873167,0.1849505603,-0.01447371766,0.002934298944
8.321870167,0.1822755039,-0.02148518153,0.006920644082
8.331866167,0.1755672544,-0.01972296648,0.008804298006
8.341862167,0.1594411582,-0.01610586606,0.003667686833
8.351858167,0.1347445995,-0.007738745771,-0.002726296429
8.361854167,0.1109792218,0.003136125393,-0.00009384669829
8.371851167,0.102846995,0.0005914750509,0.005479084328
8.381847167,0.09198256582,-0.004198279232,0.007530694827
8.391843167,0.08324419707,-0.005478460807,0.01282452606
8.401839167,0.07179714739,-0.01361369528,0.01619796455
8.411835167,0.05633989722,-0.01930646971,0.01703233272
8.421831167,0.05340806022,-0.01029005088,0.01989742927
8.431828167,0.08152810484,-0.007693202235,0.02311612479
8.441824167,0.1134778932,-0.02189818397,0.01217747293
8.451820167,0.1491296142,0.002793314634,-0.0144338971
8.461816167,0.1868898273,0.002748249564,-0.01385351643
8.471812167,0.2007113695,-0.007688412443,-0.01598164812
8.481809167,0.1884532571,-0.004604305141,-0.03783772886
8.491805167,0.1946951747,-0.002047670539,0.00583571801
8.501801167,0.218557626,-0.003932655789,0.02073930018
8.511797167,0.2432896048,0.0001648837933,-0.002631536219
8.521793167,0.2441161424,-0.00750378985,-0.003252636874
8.531790167,0.2132559717,-0.01214940753,0.004817806184
8.541786167,0.1666744649,-0.02716118284,0.007774641737
8.551782167,0.1138056591,-0.05776090547,0.006729350425
8.561778167,0.05000340566,-0.1535786539,0.005823984742
8.571774167,-0.002833176171,-0.2867657542,0.01345846895
8.581771167,-0.08767664433,-0.1940438598,0.02327815443
8.591767167,-0.1556759328,-0.1242309436,0.01229208335
8.601763167,-0.165789783,-0.05934979022,-0.001229538
8.611759167,-0.1585547775,0.002535414882,-0.007469590753
8.621755167,-0.1417076141,0.0007305392064,-0.004217182286
8.631751167,-0.1190768629,0.01124656387,0.0007240466075
8.641748167,-0.1021030545,0.004944988526,0.01511639636
8.651744167,-0.09420145303,-0.001733154291,0.008334123529
8.661744292,-0.1030598506,-0.002250766614,0.0008867197903
8.671740292,-0.1241257191,0.004852416459,-0.0004861396737
8.681736292,-0.1326893866,0.03738617525,-0.01086197142
8.691733292,-0.1348303109,0.01877707057,-0.01875424944
8.701729292,-0.1368694603,0.01105682738,0.00396669656
8.711725292,-0.1417124122,0.02500673011,0.004901998676
8.721721292,-0.1136893928,0.01114971656,-0.01731916703
8.731717292,-0.09080564976,0.004916321486,0.001468102448
8.741714292,-0.06702937186,0.008486995474,0.01527502574
8.751710292,-0.02706864104,0.005476558581,-0.00398175884
8.761706292,0.02128169872,0.01187410392,-0.02484864183
8.771702292,0.06786757708,0.01340408996,0.00034752395
8.781698292,0.1014448106,0.02466025949,0.0127834361
8.791695292,0.1198834777,0.03155944496,0.0003579258919
8.801691292,0.1340231597,0.05173203722,-0.0001161323162
8.811687292,0.1616238952,0.143186599,0.01203640364
8.821683292,0.1629464328,0.2031515986,0.01540652383
8.831679292,0.1320409775,0.1036614925,0.001113871927
8.841676292,0.07099321485,-0.001531283371,-0.02838483639
8.851672292,-0.002257833723,0.003987585194,-0.05253624544
8.861668292,-0.06866247207,0.02055233344,-0.03788426518
8.871664292,-0.1001516879,-0.003343677148,0.00315717468
8.881660292,-0.1529449821,0.04891090468,0.02198780514
8.891657292,-0.2564436793,0.2245381176,0.02669254504
8.901653292,-0.3953131735,0.3427950442,0.03461529315
8.911649292,-0.5267827511,0.2526790202,0.07568523288
8.921645292,-0.6859858036,0.2566517293,0.1517043263
8.931641292,-0.8244965076,0.2697411776,0.1625228822
8.941637292,-0.9749586582,0.3938724995,0.1312526762
8.951634292,-1.130689621,0.4971743822,0.1416941285
8.961630292,-1.254571795,0.4715439379,0.2230084687
8.971626292,-1.278663874,0.4761812985,0.3552834094
8.981622292,-1.227627277,0.5219090581,0.4903615117
8.991618292,-1.12358737,0.6022968888,0.5887743235
9.001615292,-0.9830488563,0.6740649343,0.7069191933
9.011611292,-0.8205448985,0.7747891545,0.8907747865
9.021607292,-0.6340831518,0.827532649,1.055413604
9.031603292,-0.395729214,1.086505413,1.219807029
9.041599292,-0.1582632959,1.419663787,1.4006356
9.051596292,0.07830237597,1.665820599,1.715799928
9.061592292,0.3199866116,1.740417242,2.205606699
9.071588292,0.4051955044,1.953274369,2.839164495
9.081584292,0.3239400685,2.143290997,3.534621
9.091580292,0.1730333567,2.355345726,3.966202974
9.101577292,-0.01269267872,3.034939528,4.11258173
9.111573292,-0.1393579394,3.716808558,4.000738621
9.121569292,-0.302834034,4.253073215,3.666729689
9.131565292,-0.5486933589,4.51885891,3.168426275
9.141561292,-0.908681035,4.636358261,2.569083929
9.151558292,-1.396651268,4.747882843,1.977099538
9.161554292,-1.853459835,4.681777,1.488833666
9.171550292,-2.149914265,4.455564499,1.105941653
9.181546292,-2.282842398,4.262448311,0.9322220683
9.191542292,-2.271467209,4.223519325,0.9651467204
9.201538292,-2.137835503,4.418922901,1.087168574
9.211535292,-1.919420958,4.921649933,1.175560713
9.221531292,-1.671152711,5.596300125,1.237933159
9.231527292,-1.37847209,6.338787556,1.30101645
9.241523292,-1.041928291,6.972342968,1.323625326
9.251519292,-0.7453074455,7.432204723,1.233368039
9.261516292,-0.4853874445,7.678537846,0.9717651606
9.271512292,-0.274305284,6.956670761,0.6587574482
9.281508292,-1.445564389,3.401592493,0.1690763086
9.291504292,-2.861166954,1.482009411,-0.4465466738
9.301500292,-3.169709921,1.313316226,-0.7104167342
9.311497292,-2.949337959,1.524257779,-0.7112228274
9.321493292,-2.711638212,1.547604084,-0.5482083559
9.331489292,-2.647653818,1.461513758,-0.3724756539
9.341485292,-2.567131519,1.676357269,-0.2124126554
9.351481292,-2.372346878,1.862669349,-0.01182923187
9.361478292,-2.160635948,1.997695684,0.248016566
9.371474292,-1.969022632,1.881695867,0.5061277151
9.381470292,-1.76455462,1.603963375,0.6552613378
9.391466292,-1.537021518,1.199112058,0.6244128942
9.401462292,-1.302255511,0.7306284904,0.4604414403
9.411459292,-0.9937198162,0.2502158284,0.1223829687
9.421455292,-0.693775177,0.02783953771,-0.1743112504
9.431451292,-0.4461214542,-0.2956610322,-0.261056006
9.441447292,-0.2345051467,-0.4057922065,-0.2732681632
9.451443292,-0.1024909243,-0.2605194449,-0.2447185516
9.461439292,-0.06570122391,0.05877253041,-0.1980221421
9.471436292,-0.09544233978,0.4523605704,-0.1233902574
9.481432292,-0.2211023122,0.9341488481,0.00643557217
9.491428292,-0.4608754814,1.301019549,0.1326696724
9.501424292,-0.7117489576,1.545955896,0.191065684
9.511420292,-0.9260649681,1.770187736,0.1788689345
9.521417292,-1.126571059,1.872442365,0.1382544637
9.531413292,-1.282723069,1.819461465,0.1013023034
9.541409292,-1.328296304,1.556283236,0.06827393919
9.551405292,-1.243360877,1.329871178,0.05338287354
9.561401292,-1.058184505,1.223354101,0.1278913021
9.571398292,-0.8239096403,1.102880716,0.2651578188
9.581394292,-0.571657002,1.021622181,0.388209939
9.591390292,-0.3587814569,0.9283833504,0.4330184162
9.601386292,-0.1800662279,0.7362686992,0.4014078677
9.611382292,-0.04837983474,0.4966289103,0.3801617026
9.621379292,0.05017751083,0.2850430012,0.3446310759
9.631375292,0.1052636653,0.1202138439,0.3617680073
9.641371292,0.1149774268,0.02574103698,0.3894264698
9.651367292,0.07713630795,0.09241247922,0.4126463234
9.661358917,0.04644024745,0.08622939885,0.4429523945
9.671355917,0.09486211091,-0.08347734064,0.5295760036
9.681351917,0.2393832356,-0.3400340974,0.6793055534
9.691347917,0.4187844098,-0.5514232516,0.8717213273
9.701343917,0.606565237,-0.6292088032,1.078039527
9.711339917,0.7414756417,-0.657071054,1.254176736
9.721335917,0.7581098676,-0.5796716809,1.29559803
9.731332917,0.5502290726,-0.4885979891,1.193945646
9.741328917,-0.1013125479,-0.0253371764,1.117311001
9.751324917,-0.513381362,0.2613190711,0.876126647
9.761320917,-0.5987862349,0.5936421156,0.3193612695
9.771316917,-0.6675967574,0.714743793,-0.08501019329
9.781313917,-0.7285772562,0.6923207641,-0.2085605413
9.791309917,-0.7988541126,0.6149916053,-0.3947951496
9.801305917,-0.8572700024,0.4995721579,-0.586832881
9.811301917,-0.832736969,0.3068660796,-0.6682142615
9.821297917,-0.679313004,0.1825125366,-0.6674048305
9.831294917,-0.3804636896,0.3864294291,-0.630197823
9.841290917,0.00468807295,0.8302130699,-0.5750565529
9.851286917,0.3684574962,1.021666884,-0.5238703489
9.861282917,0.5783550739,0.773845911,-0.4498012066
9.871278917,0.5901201367,0.3689591587,-0.3264800906
9.881275917,0.4856902361,0.2437970936,-0.2405107319
9.891271917,0.3245053291,0.2320080698,-0.2144543529
9.901267917,0.1691354513,-0.004924944602,-0.1826038957
9.911263917,-0.03330712765,-0.4364978969,-0.1967772245
9.921259917,-0.338144511,-0.764347434,-0.2538842559
9.931256917,-0.722786665,-0.9023505449,-0.3415376842
9.941252917,-1.052241564,-0.9179452062,-0.4045901597
9.951248917,-1.200476408,-0.8125402331,-0.3849701285
9.961244917,-1.144948959,-0.6349539757,-0.3200441003
9.971240917,-0.9626339078,-0.4404420853,-0.2603882551
9.981236917,-0.7691127062,-0.1923559457,-0.1691621244
9.991233917,-0.7237388492,0.05723524839,0.4768312573
10.00122992,-0.6583706141,-0.122812435,0.4164063931
10.01122592,-0.6741045713,-0.1877046078,0.3255952597
10.02122192,-0.7340673804,0.09146710485,0.2307059169
10.03121792,-0.7697249651,0.3041961491,0.1233871952
10.04121492,-0.8211767077,0.334007889,-0.004402618855
10.05121092,-0.870152235,0.2813409567,-0.07798761874
10.06120692,-0.8488366604,0.1840826273,-0.1013366804
10.07120292,-0.7215399742,0.09683907032,-0.1257048696
10.08119892,-0.5202620029,-0.04232686386,-0.1365283281
10.09119592,-0.3374855518,-0.06697814912,-0.1482651532
10.10119192,-0.2689544261,0.06788805872,-0.1577294916
10.11118792,-0.2905563712,0.2515295446,-0.1585987508
10.12118392,-0.2772787511,0.2444047779,-0.136335969
10.13117992,-0.2222328186,0.05825247243,-0.1923627406
10.14117692,-0.2141051143,-0.1540856808,-0.3190366328
10.15117292,-0.3193564415,-0.2920872271,-0.3608384132
10.16116892,-0.536819458,-0.4363526106,-0.3128210306
10.17116492,-0.785235405,-0.5230020285,-0.2414334267
10.18116092,-0.9722766876,-0.4361677468,-0.2222224027
10.19115692,-0.9923507571,-0.3910833597,-0.240965724
10.20115392,-1.016173482,-0.4508514106,-0.3172879517
10.21114992,-1.139449835,-0.4790721238,-0.3474114835
10.22114592,-1.342597008,-0.3946175277,-0.3108267784
10.23114192,-1.490221262,-0.2746591568,-0.232269153
10.24113792,-1.548208356,-0.2214574218,-0.1368675977
10.25113492,-1.517158628,-0.1962498128,-0.06450843811
10.26113092,-1.403802633,-0.2567894161,-0.01508021634
10.27112692,-1.310278535,-0.3526435196,0.0001080575166
10.28112292,-1.282522321,-0.3851206303,0.03209833801
10.29111892,-1.303648353,-0.3423409462,0.1034659967
10.30111592,-1.398543,-0.2455295771,0.1944518983
10.31111192,-1.468418241,-0.1744769812,0.2828235626
10.32110792,-1.490576506,-0.241684705,0.2508966923
10.33110392,-1.512693286,-0.312504828,0.2097351551
10.34109992,-1.521623611,-0.4366068542,0.2247982621
10.35109592,-1.49459815,-0.5546232462,0.315297544
10.36109292,-1.415356874,-0.5365409851,0.4446935654
10.37108892,-1.235697031,-0.534157455,0.5299634337
10.38108492,-0.9565126896,-0.5052733421,0.5133125782
10.39108092,-0.6741513014,-0.3184800446,0.4341874123
10.40107692,-0.4976809323,-0.1412786394,0.3148708642
10.41107392,-0.4245116413,-0.05261455476,0.2116509974
10.42106992,-0.4028072357,-0.2118282914,0.197243169
10.43106592,-0.4353172481,-0.554689765,0.2462991178
10.44106192,-0.494826138,-0.7463196516,0.2602564692
10.45105792,-0.4374035895,-0.7221032977,0.2400907427
10.46105492,-0.3332381248,-0.5746162534,0.2145686299
10.47105092,-0.2893042266,-0.494712919,0.1510977745
10.48104692,-0.2353803068,-0.39920488,0.1380914897
10.49104292,-0.1321439296,-0.2961296439,0.1275887936
10.50103892,-0.02720677108,-0.1496449113,0.07952538878
10.51103592,0.09737164527,-0.01271582581,0.03544767201
10.52103192,0.1678844541,0.0746607855,-0.005035789683
10.53102792,0.1296955198,0.0464717634,-0.02200864628
10.54102392,0.01513480581,-0.06593035161,-0.003002545331
10.55101992,-0.131498307,-0.08293303847,0.03715739027
10.56101592,-0.2454958707,-0.0430685468,0.08078638464
10.57101292,-0.2941928208,0.08323267102,0.1109954193
10.58100892,-0.2042980194,0.08053456247,0.09675177932
10.59100492,-0.1001692116,0.04745995998,0.09750625491
10.60100092,-0.07868070155,0.01530974731,0.09651635587
10.61099692,-0.1767939627,-0.1272111833,0.05434492975
10.62099392,-0.3029550314,-0.2618118525,0.02054028399
10.63098992,-0.362655133,-0.129471153,0.02048062906
10.64098592,-0.3990246356,0.02382276207,0.005960051436
10.65098192,-0.4320390522,0.1332962662,-0.008581607603
10.66097842,-0.4355514944,0.1198484078,-0.00801458396
10.67097542,-0.4231861532,0.08483183384,0.007263704669
10.68097142,-0.4118641913,0.1699796468,0.02470444888
10.69096742,-0.4476565421,0.2309548557,0.009019230492
10.70096342,-0.521745801,0.3573046625,-0.05829685554
10.71095942,-0.4699289203,0.02324224636,-0.1112101376
10.72095642,-0.3981084228,-0.3016779423,-0.04878266156
10.73095242,-0.3491251469,-0.4314441979,-0.01035937201
10.74094842,-0.3287746012,-0.4218176603,0.001629380626
10.75094442,-0.2563411593,-0.4220589399,-0.0008793170564
10.76094042,-0.1595989466,-0.4147482216,0.01620028727
10.77093642,-0.03629004955,-0.4912102222,0.05847850069
10.78093342,0.1235856339,-0.6256689429,0.09606609493
10.79092942,0.3207064271,-0.904465735,0.08191778511
10.80092542,0.405939877,-1.51288867,0.03111710586
10.81092142,0.4064892828,-2.30445075,0.00958145503
10.82091742,1.920821428,0.6857914925,-0.04775267839
10.83091442,1.124476075,-0.2458787113,-0.1152579486
10.84091042,-0.04947126657,1.133281589,0.1206998155
10.85090642,0.01109886914,1.370365858,0.06621207297
10.86090242,0.01454433613,1.541921854,-0.01013096515
10.87089842,-0.02531546168,1.854380131,-0.09613641351
10.88089542,-0.01575000584,2.247905016,-0.2161866724
10.89089142,-0.04933379963,2.686190367,-0.3235575855
10.90088742,-0.03701068461,2.558841705,-0.2392240018
10.91088342,0.03040856682,-0.06898296624,0.02227150649
10.92087942,0.03702715412,0.1904295832,-0.0009020947618
10.93087642,0.02955245972,0.00555959437,0.001022305456
10.94087242,-0.01339357533,0.0100715775,-0.003198523074
10.95086842,0.01106542815,0.002533233026,0.003133940976
10.96086442,0.005677508656,-0.0047009876,0.001267614542
10.97086042,0.007625610568,-0.003579264507,0.002885751193
10.98085642,0.01710263267,-0.01176660322,0.001398869441
10.99085342,-0.01313170139,0.008162363432,-0.003282168647
11.00084942,0.02048155665,-0.001840862213,-0.00009595579468
11.01084542,-0.007848617621,0.002924598055,-0.0004725267645
11.02084142,0.005289298482,-0.00290174596,0.0007879625773
11.03083742,-0.001530524343,0.004660033621,0.001101949369
11.04083442,-0.00280678994,0.001639199792,-0.001483164495
11.05083042,0.006279915571,0.0005201395834,-0.0004397379234
11.06082642,-0.004649651237,0.003073158441,0.0002401043894
11.07082242,0.002018904313,0.0002616593847,0.0001175989164
11.08081842,-0.001624816796,0.001802246552,-0.0008598911809
11.09081542,-0.0003851153306,0.002479222137,0.001412584214
11.10081142,-0.001519072801,-0.0007728151977,0.002250038087
11.11080742,-0.00255424343,0.003029646352,0.0005227116635
11.12080342,0.003507397603,0.001376933185,-0.002113519004
11.13079942,0.0008740640478,-0.002837519394,0.001136336359
11.14079642,-0.00002831406891,0.003325247206,0.003090814454
11.15079242,0.002900097985,-0.002669794951,0.0005440337118
11.16078842,-0.00052741135,-0.0008160129655,-0.001448841766
11.17078442,0.002469710074,0.0002697577002,0.001310992171
11.18078042,0.0006197629264,-0.0003808555193,-0.0007256987737
11.19077642,0.001587821986,0.001377629815,-0.001804012689
11.20077342,-0.00187329785,0.0008556391113,-0.001103054266
11.21076942,-0.002670648275,0.003399756737,0.001238130732
11.22076542,-0.0008489025058,0.001199621242,0.00108548603
11.23076142,-0.0003215966281,0.0006864301395,-0.001274074777
11.24075742,0.0004350045929,-0.00121969101,-0.0007072316948
11.25075442,-0.001262494363,0.0005654257257,-0.0006307989825
11.26075042,0.001462469227,0.0004748265492,-0.0007555457996
11.27074642,0.002459556796,-0.0001747184433,-0.001229322166
11.28074242,0.002370159607,-0.001423537964,0.004837895278
11.29073842,0.0005019520177,0.0009376206435,0.00009027821943
11.30073542,0.001211466268,-0.001391733764,0.0002191114472
11.31073142,0.0003222367959,0.002052266151,0.001881190226
11.32072742,0.0006587287644,-0.0005852805916,-0.001198817044
11.33072342,-0.001418536878,-0.001553339651,0.001775667421
11.34071942,0.0007488800911,-0.0007122657262,-0.0008316300809
11.35071642,-0.001417068881,0.003045188263,-0.001485169749
11.36071242,0.001434855512,-0.0005887339357,-0.001212152187
11.37070842,0.000003939028829,0.001473085256,-0.0002848395379
11.38070442,-0.0009671662701,0.002011307515,-0.0006493303226
11.39070042,-0.0008603734896,0.0008224725025,-0.002117531141
11.40069642,-0.0005757976905,-0.001411922509,0.001858397387
11.41069342,-0.001113756211,-0.001671580831,0.000218688976
11.42068942,0.004530297592,-0.00101090176,-0.0006685202243
11.43068542,-0.0000332952477,-0.000907571055,0.002745385747
11.44068142,0.002802073723,0.001737327315,0.0002282697242
11.45067742,-0.002584169619,0.00145449955,-0.001201581443
11.46067442,0.000310006435,0.001401167829,-0.000727077364
11.47067042,-0.0001187624875,-0.0005874144845,0.00173128664
11.48066642,-0.002782668686,0.001045310753,0.002229109174
11.49066242,-0.001237502671,0.001241585705,-0.0007613545749
11.50065842,-0.001139004133,-0.001369369915,0.001293087145
11.51065542,-0.001317968592,0.003214463126,-0.0009594144067
11.52065142,0.0006540665636,-0.0009837374091,-0.0003753062338
11.53064742,0.00461924728,0.002501807641,-0.00003255740739
11.54064342,0.001426167204,-0.0004896102473,-0.0002584587783
11.55063942,-0.001225542277,0.001042506308,0.0004949494032
11.56063642,-0.001897774404,0.002151868306,-0.0006805062294
11.57063242,0.0002732345602,-0.0008891953621,-0.000360926846
11.58062842,-0.001467657392,0.00006309943274,0.0002799846698
11.59062442,-0.0009259704966,0.0005746926181,-0.0002917960519
11.60062042,-0.001926020253,0.001480622101,-0.001324352575
11.61061642,-0.001009360305,0.0011471943,0.0003592979629
11.62061342,-0.001441526227,-0.001771552488,0.0004335421836
11.63060942,0.001151593635,0.0007121113595,-0.001053034328
11.64060542,-0.02638652921,0.01841437444,-0.00118662673
11.65060142,0.003151922021,0.005868488923,0.001540716621
11.66059729,0.00002645980567,0.002181489952,0.0006879336433
11.67059429,0.0004048950505,-0.001673435559,0.001882894081
11.68059029,0.002672698814,-0.001619493822,-0.0002347561531
11.69058629,0.006788347848,-0.003959613852,-0.001056075096
11.70058229,0.007280683145,-0.005207096692,-0.0002809651196
11.71057829,0.004228433594,-0.006076352671,0.0007376939757
11.72057529,0.001166048925,0.002005061135,-0.00175252778