Time (s),Magnetic Field x (µT),Magnetic Field y (µT),Magnetic Field z (µT),Absolute field (µT)
0.06964983337,5.918118477,-11.48316383,-13.18109703,18.45612356
0.07964583335,5.829518318,-11.45939827,-13.45579338,18.61073529
0.08964245836,5.761065006,-11.40300941,-13.64754295,18.69422163
0.09963845834,5.647512913,-11.33087635,-13.9652195,18.84968213
0.1096344584,5.595491409,-11.31548786,-14.05740166,18.89339385
0.1196314584,5.655351162,-11.4459753,-13.71780968,18.73957443
0.1296274584,5.684286594,-11.54447269,-13.15399933,18.40145815
0.1396234584,5.725051403,-11.57645702,-12.79198074,18.17760551
0.1496204584,5.645766735,-11.50514221,-12.87372017,18.16523191
0.1596164583,5.666068554,-11.56551456,-13.0261097,18.31788726
0.1696124584,5.646728992,-11.63139343,-12.91657066,18.27601322
0.1796094584,5.650678158,-11.5723772,-12.8576889,18.19808346
0.1896054584,5.526311874,-11.46623325,-13.11923409,18.27919394
0.1996014584,5.488012314,-11.40092945,-13.35495758,18.39712922
0.2095984584,5.425653934,-11.32949829,-13.46811104,18.41698312
0.2195944584,5.43252182,-11.32084846,-13.39530373,18.36050286
0.2295904584,5.379961967,-11.2183857,-13.55333138,18.39806946
0.2395874584,5.276092529,-11.1127243,-13.69221878,18.4067012
0.2495834584,5.261070251,-11.12356567,-13.67869568,18.39889369
0.2595794584,5.255517006,-11.11858368,-13.7345562,18.43587253
0.2695764584,5.204443932,-11.04862404,-14.01986122,18.59340847
0.2795724584,5.196544647,-11.04447651,-14.16174507,18.69597714
0.2895684583,5.207625389,-11.03472614,-14.19486618,18.71840723
0.2995654584,5.278075695,-11.16263771,-14.07441521,18.72302665
0.3095614584,5.256111145,-11.10310173,-14.10531235,18.70468949
0.3195574584,5.294167519,-11.1795435,-14.0876236,18.74757427
0.3295544584,5.221447945,-11.05512333,-14.25715828,18.78152903
0.3395504584,5.179115772,-11.06280899,-14.37551308,18.86436745
0.3495464583,5.177688599,-11.13817692,-14.23717117,18.80331054
0.3595434584,5.149730682,-11.12634468,-14.16007233,18.73026749
0.3695394584,5.134219646,-11.09203053,-14.13709259,18.68825138
0.3795354584,5.107918739,-11.07135868,-14.12720108,18.66128686
0.3895324584,5.085805893,-11.08601952,-14.10962677,18.65065194
0.3995284584,5.05027914,-11.02015495,-14.23675346,18.6985102
0.4095244583,5.066049576,-10.93480015,-14.38481331,18.76586173
0.4195214583,5.067361832,-10.99341393,-14.41244507,18.82158013
0.4295174584,5.052463531,-10.94383621,-14.50810623,18.86213363
0.4395134584,4.983141899,-10.8849926,-14.43309212,18.75177099
0.4495104584,4.969733238,-10.91104603,-14.36050415,18.70757209
0.4595064584,4.946671486,-10.85424232,-14.33783531,18.65094251
0.4695024583,4.890647888,-10.83778095,-14.48898888,18.74317826
0.4794994583,4.851866722,-10.77508831,-14.50110626,18.70628829
0.4894954584,4.805843353,-10.72062206,-14.53582954,18.6900564
0.4994914584,4.793225288,-10.66395664,-14.47805405,18.60938013
0.5094884584,4.809598923,-10.54482555,-14.44644737,18.5209457
0.5194844584,4.781817436,-10.51860428,-14.41994286,18.47813751
0.5294804584,4.834100723,-10.43358421,-14.67466736,18.64333853
0.5394774583,4.844407558,-10.35367107,-14.91417885,18.7909425
0.5494734584,4.897281647,-10.33119965,-14.98950768,18.85211909
0.5594694584,4.932175636,-10.39927292,-14.92332458,18.84613622
0.5694664584,5.009774685,-10.40704346,-14.84467888,18.80874496
0.5794624584,5.020823956,-10.43264866,-14.93768883,18.89929572
0.5894584584,5.026992798,-10.43385506,-15.08826447,19.02082313
0.5994554583,5.026313782,-10.421875,-15.30851555,19.18931883
0.6094514584,4.991866112,-10.41539764,-15.55154419,19.37136449
0.6194474584,5.003414154,-10.29054165,-15.7831192,19.49451852
0.6294434584,5.07071209,-10.28959942,-15.87581635,19.58646272
0.6394404584,5.053154945,-10.2131052,-15.97539139,19.62281893
0.6494364584,5.082467079,-10.22719288,-16.12329292,19.75822665
0.6594334583,5.08642149,-10.29617405,-16.42148781,20.03866626
0.6694294584,5.123569489,-10.27639008,-16.75475121,20.31198772
0.6794254584,5.038703918,-10.23048973,-16.97407532,20.44922224
0.6894214584,4.958190918,-10.15063095,-17.16452026,20.54847249
0.6994184584,4.804578781,-10.04770279,-17.38687134,20.64808959
0.7094144584,4.702786446,-9.956427574,-17.62135124,20.77880338
0.7194104583,4.627062321,-9.860554695,-17.93252754,20.98131999
0.7294074583,4.532722473,-9.708127022,-18.27531433,21.18443809
0.7394034584,4.34516716,-9.51061058,-18.56490898,21.30699502
0.7493994584,4.126573563,-9.313306808,-18.90030861,21.47063014
0.7593964584,3.852054834,-9.143626213,-19.29618454,21.69762578
0.7693924584,3.852054834,-9.143626213,-19.29618454,21.69762578
0.7793884584,3.490992546,-8.865060806,-19.66183281,21.84866132
0.7893854583,3.252959728,-8.637462616,-19.90951157,21.94484355
0.7993814584,2.970910549,-8.344072342,-20.37039185,22.21267018
0.8093774584,2.690273762,-7.9111166,-20.88202858,22.49183088
0.8193744584,2.41225481,-7.5221982,-21.51661682,22.92089087
0.8293704584,2.206022024,-7.039949894,-22.18859863,23.38292832
0.8393664584,2.021868706,-6.527874947,-22.66056633,23.66859461
0.8493634583,1.883897424,-6.05003643,-23.05552292,23.91044013
0.8593594584,1.695003986,-5.527023315,-23.53463173,24.23427152
0.8693554584,1.577013373,-4.98884964,-24.12982368,24.69056465
0.8793524584,1.422068119,-4.489654541,-24.76050758,25.2044046
0.8893484584,1.379290104,-4.100255013,-25.29948235,25.66667761
0.8993444584,1.30644393,-3.748425007,-25.86963081,26.17241457
0.9093414583,1.378082275,-3.526141167,-26.31902122,26.58991652
0.9193374584,1.493888021,-3.372929096,-26.8125782,27.0651566
0.9293334584,1.712310076,-3.426137447,-27.10913658,27.37838034
0.9393304584,1.927277207,-3.45779705,-27.42259026,27.70684418
0.9493264584,2.189564228,-3.59943676,-27.73286247,28.05105698
0.9593224584,2.453027487,-3.823606968,-27.89562416,28.26310601
0.9693194584,2.664952755,-4.133836269,-28.04298592,28.4710315
0.9793154583,2.777687311,-4.399690151,-28.27934074,28.75402464
0.9893114584,2.759581089,-4.636092663,-28.51063347,29.01663081
0.9993084584,2.714114904,-5.030352592,-28.70630836,29.269831
1.009304458,2.617329121,-5.387266636,-28.92897987,29.54249363
1.019300458,2.464161873,-5.833400249,-29.10783577,29.78870181
1.029297458,2.345586777,-6.415854454,-29.01857948,29.81179164
1.039293458,2.21155405,-7.084264755,-28.95719719,29.89309364
1.049289458,2.068384409,-7.735034943,-28.85744286,29.94763743
1.059286458,2.004582405,-8.435081482,-28.87396812,30.14755356
1.069282458,1.894718409,-9.07648468,-28.83007622,30.28441557
1.079278458,1.856594801,-9.735539436,-28.72360802,30.38541311
1.089275458,1.685257554,-10.0558176,-29.20364952,30.93238927
1.099271458,1.521264076,-10.35840416,-29.35270882,31.16395829
1.109267458,1.398472786,-10.81196594,-29.33511543,31.29542029
1.119264458,1.189731717,-11.202034,-29.32079506,31.41034941
1.129260458,0.9161065817,-11.68226242,-29.18956947,31.4538626
1.139256458,0.6153912544,-12.2243824,-29.0432148,31.51702012
1.149253458,0.1698826551,-12.69296741,-28.87771034,31.54461026
1.159249458,-0.287558794,-13.16568756,-28.58435249,31.47194348
1.169245458,-0.8296768665,-13.53440952,-28.38467979,31.45725118
1.179242458,-1.417224407,-13.89748192,-28.17214394,31.44548016
1.189238458,-2.016621113,-14.18875599,-27.96247673,31.421134
1.199234458,-2.500471592,-14.4254837,-27.788908,31.40971739
1.209231458,-2.913197517,-14.68679237,-27.52429771,31.33329786
1.219227458,-3.230545998,-14.96994209,-27.3181057,31.31795799
1.229223458,-3.521392822,-15.07529831,-27.13879967,31.24386778
1.239219458,-3.723133087,-15.19444466,-27.05427742,31.25166868
1.249216458,-3.848917484,-15.2650547,-26.99907875,31.25358082
1.259212458,-3.905391693,-15.22546196,-27.14967155,31.37150684
1.269208458,-3.790047169,-15.00715065,-27.30346107,31.38563389
1.279205458,-3.599122524,-14.72180653,-27.41493416,31.32513185
1.289201458,-3.440568924,-14.28980923,-27.62389183,31.29082233
1.299197458,-3.182482719,-13.84739113,-28.0558033,31.4484743
1.309194458,-2.830387592,-13.23098755,-28.56176186,31.60449914
1.319190458,-2.405186653,-12.60004997,-29.06996346,31.77434433
1.329186458,-1.866295576,-11.87065125,-29.44346809,31.80115145
1.339183458,-1.242846489,-11.00009727,-29.89647484,31.88018217
1.349179458,-0.534071207,-10.17371559,-30.38939857,32.05160319
1.359175458,0.2044906616,-9.220640182,-30.84935188,32.19851757
1.369172458,0.9167298079,-8.201105118,-31.22808647,32.30002946
1.379168458,1.668241382,-7.25079155,-31.64808464,32.51089462
1.389164458,2.387997627,-6.399232388,-31.82728767,32.55194232
1.399161458,3.061055899,-5.640784264,-31.9734211,32.61116629
1.409157458,3.729970932,-4.975664139,-32.05138397,32.64906019
1.419153458,4.315968037,-4.460718632,-32.05141449,32.64687981
1.429150458,4.845191956,-4.014385223,-31.91662407,32.53094013
1.439146458,5.357679367,-3.566522598,-31.86277962,32.50633072
1.449142458,5.878415108,-3.120855331,-31.75565147,32.44559913
1.459139458,6.385157108,-2.908967972,-31.67146873,32.43939361
1.469135458,6.885886192,-2.873125076,-31.47854042,32.35071535
1.479131458,7.280219555,-2.756493568,-31.31607628,32.26912591
1.489128458,7.552741051,-2.791359901,-31.17340279,32.19653132
1.499124458,7.742486954,-2.803826332,-30.95115471,32.02782422
1.509120458,7.76622057,-2.93710041,-30.84052849,31.93867465
1.519117458,7.847073078,-3.118052959,-30.80848503,31.94466403
1.529113458,7.867704868,-3.404476643,-30.79533577,31.96629391
1.539109458,8.070566177,-3.688923836,-30.65790749,31.91628877
1.549106458,8.442857742,-3.959480286,-30.38854027,31.78714694
1.559102458,8.911762238,-4.189994812,-30.16655159,31.73320654
1.569098458,9.44246006,-4.311512947,-30.11564064,31.85437187
1.579095458,9.981827736,-4.257340431,-30.03177071,31.93225774
1.589091458,10.46526146,-4.08321476,-29.94062614,31.97867155
1.599087458,11.00470161,-4.107754707,-29.7838459,32.01647362
1.609084458,11.40210629,-4.150892735,-29.78976631,32.1662574
1.619080458,11.72482014,-4.178387165,-29.77729225,32.27409891
1.629076458,12.06887054,-4.217770576,-29.72794914,32.36044167
1.639073458,12.43613148,-4.327539921,-29.59981346,32.396511
1.649069458,12.9044981,-4.480963707,-29.39947319,32.41811424
1.659065458,13.40344238,-4.800247669,-29.15590858,32.44628871
1.669062458,14.03463554,-5.140319824,-28.86767006,32.50748002
1.679058458,14.50465584,-5.526545525,-28.72659874,32.6518793
1.689054458,14.82058334,-5.842857361,-28.56614494,32.7080007
1.699051458,14.9729166,-6.172194004,-28.5327816,32.80859394
1.709047458,15.03455639,-6.339020252,-28.4852314,32.82726719
1.719043458,14.94393349,-6.443034172,-28.53927803,32.8530703
1.729040458,14.76883221,-6.563742638,-28.70641518,32.94327541
1.739036458,14.59068966,-6.634305477,-28.88994408,33.03832778
1.749032458,14.51594067,-6.707658768,-28.99838448,33.11512527
1.759029458,14.50521183,-6.589607716,-29.13663673,33.20794634
1.769025458,14.49533558,-6.367708683,-29.31314659,33.31550736
1.779021458,14.5247488,-5.843364239,-29.5282917,33.42204728
1.789018458,14.41111183,-5.030591011,-29.77100182,33.45593429
1.799014458,14.25766754,-4.12046814,-29.94018745,33.41667497
1.809010458,13.9816494,-3.142227173,-30.07932472,33.3185517
1.819007458,13.649786,-2.130976677,-30.297369,33.29847276
1.829003458,13.35617256,-1.212482452,-30.43861198,33.26208891
1.838999458,12.99110603,-0.2987413406,-30.56671715,33.21418793
1.848996458,12.61420631,0.6070098877,-30.66799736,33.16643972
1.858992458,12.39444733,1.567523003,-30.60998344,33.06131485
1.868988458,12.27329445,2.456905365,-30.39311028,32.86961048
1.878985458,12.2190218,3.325311661,-30.26325798,32.80589848
1.888981458,12.11764526,4.13942337,-30.23124504,32.83139244
1.898977458,11.98573399,4.946170807,-30.17187691,32.83998448
1.908974458,11.58722115,6.040740967,-30.13894463,32.84981322
1.918970458,11.09025669,7.159852982,-30.03149223,32.80469195
1.928966458,10.55268478,8.32585907,-29.78169441,32.67458351
1.938963458,9.983328819,9.568916321,-29.54749489,32.62338836
1.948959458,9.346515656,10.81811905,-29.25208473,32.55877018
1.958955458,8.847682953,11.97255135,-28.85478401,32.46878562
1.968952458,8.556084633,13.06334496,-28.4056263,32.41507629
1.978948458,8.48326683,13.88835335,-27.82820702,32.2375756
1.988944458,8.522153854,14.74636459,-27.27636147,32.15714959
1.998941458,8.619218826,15.53885078,-26.86247826,32.20775613
2.008937458,8.925474167,16.23670197,-26.42519569,32.2736045
2.018933458,9.197368622,16.93702698,-25.92051506,32.30058163
2.028930458,9.36858654,17.65822792,-25.3089962,32.25102658
2.038926458,9.522109985,18.37925911,-24.62962914,32.17275828
2.048922458,9.535338402,19.10214043,-23.84973717,32.00975492
2.058919458,9.458564758,19.89293289,-23.17764091,31.97493182
2.068915458,9.294937134,20.77786064,-22.63193321,32.09859421
2.078911458,9.053844452,21.70578957,-21.92904091,32.15581184
2.088908958,8.812263489,22.39981651,-21.04435158,31.97299643
2.098904958,8.473619461,23.06784248,-20.23293114,31.8323591
2.108900958,8.023277283,23.70005608,-19.4292202,31.67901883
2.118897958,7.576947689,24.38826942,-18.72560883,31.66774775
2.128893958,7.069964886,24.97445488,-18.06366158,31.62283462
2.138889958,7.069964886,24.97445488,-18.06366158,31.62283462
2.148886958,6.430905342,25.51741219,-17.38663292,31.54028967
2.158882958,5.786719799,26.05166435,-16.83992767,31.55564142
2.168878958,5.129253387,26.48093987,-16.28986931,31.51046268
2.178874958,4.459819794,26.88328743,-15.66862297,31.43416742
2.188871958,3.749495029,27.39074135,-15.17425346,31.53679427
2.198867958,2.99113822,27.74629402,-14.78853226,31.58329347
2.208863958,2.202518702,28.08711433,-14.23398972,31.56491
2.218860958,1.34866488,28.43723488,-13.65167236,31.57314338
2.228856958,0.5262836218,28.81917,-13.07260513,31.64987423
2.238852958,-0.1546528339,29.06516457,-12.54609489,31.65773532
2.248849958,-0.6562628746,29.14757729,-12.06808853,31.55393325
2.258845958,-1.008569241,29.13178062,-11.79234123,31.44419129
2.268841958,-1.270941496,29.11929131,-11.66698837,31.39533462
2.278838958,-1.482239723,29.14850807,-11.45639229,31.35413022
2.288834958,-1.605144262,29.27020836,-11.09762955,31.34452053
2.298830958,-1.79139781,29.53552055,-10.69596672,31.46362637
2.308827958,-1.91311264,29.7819767,-10.20991516,31.54153617
2.318823958,-2.01499629,30.02113152,-9.665222168,31.60292814
2.328819958,-2.15138483,30.2639637,-9.033998489,31.65673837
2.338816958,-2.246234179,30.46661186,-8.400186539,31.68316809
2.348812958,-2.353974819,30.78621483,-7.695327759,31.82059538
2.358808958,-2.469357967,31.03646278,-6.95416832,31.90172735
2.368805958,-2.56885004,31.16866493,-6.318082809,31.90615669
2.378801958,-2.599535465,31.25172234,-5.653588295,31.86519723
2.388797958,-2.653744698,31.40690804,-5.18478775,31.94242097
2.398794958,-2.817707062,31.51267433,-4.879086494,32.01239762
2.408790958,-2.992798805,31.55043983,-4.669843674,32.03427131
2.418786958,-3.220300198,31.54837227,-4.419446945,32.01877008
2.428783958,-3.510093689,31.52783012,-4.18636322,31.99766346
2.438779958,-3.80313015,31.57717705,-4.236356735,32.08626852
2.448775958,-4.19066143,31.60673332,-4.326418877,32.17553628
2.458772958,-4.500959396,31.55468178,-4.404262543,32.17691884
2.468768958,-4.89594698,31.48929405,-4.47097683,32.17973851
2.478764958,-5.262335777,31.4624424,-4.485478401,32.21330433
2.488761958,-5.650254726,31.5076313,-4.588602066,32.33746245
2.498757958,-6.04353714,31.5246067,-4.620059013,32.42946368
2.508753958,-6.370427132,31.54329109,-4.55112648,32.50037395
2.518750958,-6.762953758,31.55742836,-4.375245094,32.56918172
2.528746958,-7.11314106,31.59649467,-4.142432213,32.65111018
2.538742958,-7.476232529,31.6694622,-3.812146187,32.76249911
2.548739958,-7.89388752,31.67172813,-3.482423782,32.82589067
2.558735958,-8.237057686,31.58712959,-3.138234138,32.79396879
2.568731958,-8.614417076,31.57470894,-2.811792374,32.8493014
2.578728958,-8.948214531,31.56531334,-2.381098747,32.89542796
2.588724958,-9.280726433,31.65200996,-2.011992455,33.04587314
2.598720958,-9.548326492,31.55740547,-1.516039848,33.00513226
2.608717958,-9.890270233,31.50829887,-1.036709785,33.04035578
2.618713958,-10.27463818,31.49218178,-0.5653305054,33.13073047
2.628709958,-10.67371082,31.40069389,-0.02639579773,33.16522842
2.638706958,-11.13413525,31.2406826,0.3367300034,33.16719168
2.648702958,-11.55447197,30.98993111,0.7169418335,33.08165138
2.658698958,-11.92943954,30.82667351,0.9669632912,33.06857036
2.668695958,-12.31620884,30.72031212,1.107852936,33.11576535
2.678691958,-12.66493225,30.56162453,1.258235931,33.10583876
2.688687958,-12.99444485,30.36708641,1.403406143,33.0603249
2.698684958,-13.26894093,30.27818489,1.412783146,33.08820379
2.708680958,-13.59634304,30.20008278,1.382234573,33.14839538
2.718676958,-13.93878078,30.06352043,1.363606453,33.1657096
2.728673958,-14.26101303,29.86005211,1.424564838,33.12142191
2.738669958,-14.63390827,29.60832787,1.339598656,33.05448343
2.748665958,-15.10077763,29.40291023,1.127737522,33.07319771
2.758662958,-15.54752064,29.16401482,1.037071705,33.06570241
2.768658958,-16.06336594,28.98132896,0.8590660095,33.14645001
2.778654958,-16.5156517,28.70863533,0.7539110184,33.12885261
2.788651958,-16.89144135,28.44154549,0.5507678986,33.08391823
2.798647958,-17.15726471,28.1187191,0.2922277451,32.94115197
2.808643958,-17.51385498,27.88270378,0.0003032684326,32.92689306
2.818639958,-17.84757996,27.65551567,-0.2535839081,32.91546691
2.828636958,-18.12260056,27.38968468,-0.3112258911,32.84387826
2.838632958,-18.33050919,27.13121605,-0.3414287567,32.74487784
2.848628958,-18.53659058,26.88852119,-0.2822914124,32.66002833
2.858625958,-18.73868179,26.73314476,-0.2769441605,32.64775524
2.868621958,-18.98055649,26.60245705,-0.2890453339,32.68081689
2.878617958,-19.19195938,26.3204937,-0.3735628128,32.57666715
2.888614958,-19.40548706,26.05090523,-0.3960666656,32.48660432
2.898610958,-19.62421417,25.8061161,-0.3897218704,32.4224813
2.908606958,-19.86007309,25.61697197,-0.6575632095,32.4204279
2.918603958,-20.02584839,25.43188667,-1.094031334,32.38846041
2.928599958,-20.16626358,25.17958641,-1.420779228,32.29099522
2.938595958,-20.25822067,24.82087517,-1.728240967,32.0851705
2.948592958,-20.39882278,24.58500862,-2.129221916,32.01668637
2.958588958,-20.56578064,24.38233376,-2.461338043,31.99230716
2.968584958,-20.69104385,24.14074898,-2.842547417,31.92138989
2.978581958,-20.83877945,23.97229576,-3.252270699,31.9296564
2.988577958,-20.94042969,23.66270638,-3.659029007,31.80902013
2.998573958,-21.08706665,23.27364159,-4.156669617,31.67972025
3.008570958,-21.33347702,22.91685295,-4.857890129,31.68435714
3.018566958,-21.53932571,22.56035423,-5.503338814,31.67331485
3.028562958,-21.78118134,21.97207069,-6.118013382,31.53762576
3.038559958,-22.03775787,21.37941551,-6.663935661,31.4189468
3.048555958,-22.31764221,20.76364517,-7.196697235,31.32089663
3.058551958,-22.63300705,20.12090111,-7.720169067,31.2522748
3.068548958,-22.94166183,19.42853165,-8.333192825,31.19663111
3.078544958,-23.18746185,18.68657303,-9.047941208,31.12413274
3.088540958,-23.4533844,17.911026,-9.644254684,31.04638048
3.098537458,-23.74900055,17.14144135,-10.29613113,31.04600385
3.108533458,-24.01733398,16.25938416,-10.97079468,31.00900257
3.118529458,-24.26325226,15.19524193,-11.67956352,30.91945975
3.128526458,-24.46429825,14.21358871,-12.33991051,30.86748102
3.138522458,-24.7818985,13.09005547,-13.03355598,30.90898942
3.148518458,-25.00554276,11.91873169,-13.70180321,30.90425124
3.158515458,-25.18201065,10.66202164,-14.33964729,30.87778895
3.168511458,-25.23068237,9.307556152,-14.80243301,30.69739334
3.178507458,-25.31975937,7.99310112,-15.38361359,30.68607904
3.188504458,-25.35599518,6.726884842,-15.88666534,30.66860947
3.198500458,-25.26451492,5.445655823,-16.5628109,30.6965403
3.208496458,-25.12602234,4.218173027,-17.17481613,30.72595469
3.218493458,-24.97119141,3.018333435,-17.75035858,30.78548305
3.228489458,-24.74988174,1.795456886,-18.36267853,30.87018423
3.238485458,-24.53172684,0.6642684937,-18.89521408,30.9721809
3.248482458,-24.21022797,-0.3969640732,-19.35603905,30.99917686
3.258478458,-23.86128235,-1.414926529,-19.85503006,31.07386412
3.268474458,-23.44775391,-2.223157883,-20.40907288,31.16520255
3.278471458,-22.9797554,-2.938753128,-21.0371933,31.29327292
3.288467458,-22.36554337,-3.534160614,-21.71414757,31.37215367
3.298463458,-21.71292877,-4.042254925,-22.52270699,31.54462602
3.308460458,-20.82533646,-4.434492588,-23.40726662,31.64268468
3.318456458,-19.91866302,-4.731950283,-24.41686058,31.86420516
3.328452458,-18.95150375,-5.006864548,-25.27181053,31.98269211
3.338449458,-18.01417542,-5.194583893,-26.03297234,32.08130088
3.348445458,-17.07093811,-5.246864796,-26.86177635,32.25680621
3.358441458,-16.12963104,-5.081914425,-27.64684486,32.40893214
3.368438458,-15.09050274,-4.851994038,-28.31567574,32.45061804
3.378434458,-14.27919388,-4.458127022,-28.88506889,32.52871776
3.388430458,-13.81672668,-4.147794247,-29.13855553,32.51402085
3.398427458,-13.83541679,-3.894453526,-29.23650551,32.57850181
3.408423458,-13.85738277,-3.859529972,-29.31347084,32.65275795
3.418419458,-13.82858372,-3.981106281,-29.43734169,32.76638553
3.428416458,-13.58250618,-4.145892143,-29.69755363,32.91834728
3.438412458,-13.18206501,-4.474817753,-29.99466133,33.06766608
3.448408458,-12.52870369,-4.994003773,-30.24136543,33.11266635
3.458405458,-11.64847183,-5.595830917,-30.51823235,33.14155587
3.468401458,-10.64015007,-6.328744411,-30.90980721,33.29687644
3.478397458,-9.476672173,-7.089262009,-31.36566353,33.5241674
3.488393458,-8.258786201,-7.901201725,-31.80513191,33.79649322
3.498390458,-7.071185112,-8.763996124,-32.03824615,33.95965995
3.508386458,-5.970700264,-9.64735508,-32.13119507,34.07542249
3.518382458,-5.970700264,-9.64735508,-32.13119507,34.07542249
3.528379458,-4.860253334,-10.50502014,-32.10387421,34.12676735
3.538375458,-3.873399734,-11.27763939,-32.06755829,34.21281442
3.548371458,-2.93656826,-11.79118443,-32.14129639,34.36158315
3.558368458,-2.073989391,-12.28757381,-32.12973022,34.46165212
3.568364458,-1.237171888,-12.65849018,-32.11575317,34.54257619
3.578360458,-0.4324109554,-12.92288399,-32.09420776,34.60095493
3.588357458,0.3294849396,-13.13463783,-32.11593628,34.69957686
3.598353458,1.07408309,-13.25170135,-32.05031586,34.69847244
3.608349458,1.892659187,-13.51394844,-32.03755188,34.82260317
3.618346458,2.70664835,-13.8031292,-31.95483589,34.91366291
3.628342458,3.514059544,-14.1072464,-31.79467964,34.960902
3.638338458,4.254200935,-14.54149628,-31.54601479,34.99577672
3.648335458,4.958539009,-14.92957211,-31.36303902,35.08731179
3.658331458,5.759652615,-15.49708557,-31.14092445,35.25748765
3.668327458,6.537037373,-15.99884605,-30.78595543,35.30539597
3.678324458,7.30416441,-16.40834045,-30.51466942,35.40804293
3.688320458,8.022809029,-16.78184891,-30.22759056,35.49229703
3.698316458,8.587406158,-16.99986649,-29.97532082,35.5142065
3.708313458,9.152620316,-17.11186981,-29.79436302,35.55686453
3.718309458,9.520311356,-17.10779953,-29.52051353,35.42278719
3.728305458,9.795042038,-17.19143677,-29.26901817,35.32936132
3.738302458,10.0582037,-17.39793015,-28.96764946,35.25592362
3.748298458,10.21159935,-17.56519508,-28.8500576,35.2865224
3.758294458,10.34963703,-17.76381111,-28.66351509,35.27414165
3.768291458,10.54467297,-18.12891388,-28.39817238,35.30302878
3.778287458,10.66959667,-18.49843216,-28.19009972,35.36543521
3.788283458,10.8126955,-18.84062004,-27.94026375,35.39126567
3.798280458,11.00311375,-19.28384018,-27.57922935,35.40549246
3.808276458,11.15088081,-19.75009346,-27.15692329,35.38229525
3.818272458,11.20888519,-20.3272171,-26.78604317,35.444703
3.828269458,11.18861771,-20.98072624,-26.33088112,35.47804025
3.838265458,11.02248287,-21.62091446,-25.85196114,35.45818615
3.848261458,10.72252655,-22.3230896,-25.35447884,35.4421007
3.858258458,10.39235401,-23.01896858,-24.8516674,35.43274346
3.868254458,9.937086105,-23.622715,-24.45697212,35.42487586
3.878250458,9.548967361,-24.15573502,-24.05837822,35.40463069
3.888247458,9.044525146,-24.56589699,-23.69828606,35.31140739
3.898243458,8.602359772,-24.91425896,-23.4080677,35.25136205
3.908239458,8.195079803,-25.23802567,-23.04291916,35.14389557
3.918236458,7.778515339,-25.61016655,-22.75310707,35.12961447
3.928232458,7.439923286,-26.00016022,-22.35543442,35.08740854
3.938228458,7.044698715,-26.22904778,-22.10639381,35.01832912
3.948225458,6.739776134,-26.49936867,-21.85847855,35.0062024
3.958221458,6.488411903,-26.81609726,-21.54931641,35.00822187
3.968217458,6.275061607,-27.09578514,-21.24919701,35.00123346
3.978214458,6.139914989,-27.26861,-20.91197014,34.90825321
3.988210458,6.033335209,-27.48099136,-20.57676697,34.85698436
3.998206458,5.929831505,-27.70822334,-20.27787018,34.84394584
4.008203458,5.822673321,-27.97271156,-19.95668793,34.8517648
4.018199458,5.670494556,-28.21372604,-19.65001297,34.84669074
4.028195458,5.473387718,-28.38137245,-19.36435318,34.79135596
4.038192458,5.380272865,-28.51774597,-19.07425117,34.72803233
4.048188458,5.27623558,-28.58808517,-18.81910324,34.63056342
4.058184458,5.140598297,-28.58543205,-18.6924839,34.53927664
4.068181458,4.916531563,-28.63011932,-18.67314911,34.53320884
4.078177458,4.636088848,-28.77615547,-18.646698,34.60144202
4.088173458,4.390337944,-28.85513878,-18.57342339,34.59575346
4.098169458,4.098734856,-28.83885574,-18.47859001,34.49547096
4.108166458,3.908197641,-28.77486992,-18.42502022,34.39111103
4.118162458,3.637832165,-28.83543968,-18.41160774,34.40499534
4.128158458,3.456788778,-28.78508759,-18.47782707,34.37965604
4.138155458,3.222626686,-28.67735863,-18.58966637,34.32713091
4.148151458,3.008648634,-28.58490372,-18.68819427,34.28406762
4.158147458,2.7631917,-28.55044556,-18.71885681,34.25140538
4.168144458,2.614508152,-28.58148575,-18.51212311,34.15312112
4.178140458,2.550544739,-28.70430565,-18.31871223,34.14700073
4.188136458,2.734559059,-29.03060913,-17.91834831,34.22457138
4.198133458,3.0910182,-29.53445435,-17.42223358,34.42924062
4.208129458,3.385246038,-29.95073128,-16.94700432,34.57899869
4.218125458,3.663421869,-30.35967255,-16.34898758,34.67592496
4.228122458,3.888572931,-30.63469124,-15.75720024,34.66835252
4.238118458,4.047065735,-30.96991539,-15.09759521,34.69080255
4.248114458,4.175179482,-31.21899986,-14.42235756,34.64191787
4.258111458,4.285106182,-31.53631973,-13.79681396,34.68794708
4.268107458,4.30006218,-31.84823799,-13.15570068,34.72568586
4.278103458,4.240187168,-32.14218903,-12.67065239,34.8086905
4.288100458,4.123013973,-32.4582634,-12.26225853,34.9413951
4.298096458,3.983267069,-32.64251328,-11.91033745,34.97508009
4.308092458,3.769438267,-32.84477234,-11.55054092,35.02003327
4.318089458,3.498851776,-33.07056427,-11.39432335,35.15301964
4.328085458,3.209447622,-33.21300888,-11.2938633,35.22720342
4.338081458,2.991907597,-33.40525818,-11.18502808,35.35488139
4.348078458,2.746572495,-33.42546844,-11.12320328,35.33456173
4.358074458,2.532088757,-33.45714951,-11.16849518,35.36279982
4.368070458,2.290930986,-33.51499176,-11.20526886,35.41272494
4.378067458,2.038240671,-33.51866913,-11.12980461,35.37694385
4.388063458,1.807549477,-33.57456207,-11.17084312,35.43030044
4.398059458,1.544957161,-33.62614059,-11.14732933,35.45937359
4.408056458,1.316196203,-33.6775322,-11.00578117,35.4547002
4.418052458,1.257136106,-33.82315826,-10.80838203,35.53037501
4.428048458,1.308868527,-34.01424408,-10.5014267,35.62249149
4.438045458,1.518289685,-34.1321373,-10.27010536,35.67608533
4.448041458,1.825511336,-34.35681152,-9.868797302,35.79268291
4.458037458,2.13138938,-34.45715714,-9.552209854,35.82015092
4.468034458,2.382305145,-34.67626953,-9.098625183,35.92915288
4.478030458,2.63649559,-34.92583466,-8.616725922,36.06955782
4.488026458,2.81997633,-35.19829941,-8.057910919,36.21881384
4.498023458,2.995208979,-35.32169342,-7.504667282,36.23414597
4.508019458,3.080395222,-35.43105316,-6.917512894,36.23120682
4.518015458,3.186979294,-35.58953094,-6.300030708,36.28308059
4.528012458,3.130182743,-35.71368027,-5.670096397,36.29621186
4.538008458,3.111561775,-35.85826111,-5.020889282,36.34151945
4.548004458,3.050852537,-36.0135498,-4.531933784,36.4255665
4.558001458,2.923966646,-36.08863831,-3.974514961,36.4243897
4.567997458,2.749962807,-36.20026016,-3.349220276,36.45872197
4.577993458,2.550977945,-36.27109528,-2.662744522,36.45805877
4.587990458,2.371081591,-36.34632874,-2.045388222,36.48097111
4.597986458,2.183496952,-36.34884644,-1.387173653,36.44078137
4.607982458,2.060901165,-36.41828918,-0.738158226,36.4840236
4.617979458,1.951605797,-36.52686691,-0.07974338531,36.57905317
4.627975458,1.799451828,-36.610569,0.5111904144,36.65832927
4.637971458,1.59678483,-36.67522812,1.161491394,36.72834248
4.647968458,1.48571372,-36.71300507,1.959538937,36.79526979
4.657964458,1.375517607,-36.67961502,2.721019745,36.80611573
4.667960458,1.227975845,-36.61283493,3.483402252,36.79866434
4.677957458,1.182589173,-36.50926208,4.302116394,36.78087738
4.687953458,1.096086979,-36.44067383,5.086344719,36.81025697
4.697949458,1.024234176,-36.40692902,5.900382042,36.89617926
4.707945458,1.039599538,-36.34405518,6.753905296,36.9808917
4.717942458,1.026703596,-36.23305511,7.731723785,37.0630268
4.727938458,1.016680241,-35.99940109,8.665765762,37.04167942
4.737934458,1.076900005,-35.72564697,9.581857681,37.00396684
4.747931458,1.252484798,-35.50270844,10.48183727,37.03889762
4.757927458,1.456318736,-35.16543579,11.43568707,37.00680582
4.767923458,1.64347899,-34.96735001,12.34097672,37.11760089
4.777920458,1.792785406,-34.70072937,13.13356972,37.14626969
4.787916458,1.987426519,-34.40722656,13.95141792,37.18130129
4.797912458,2.162462711,-34.22206879,14.62153435,37.27754691
4.807909458,2.314016581,-33.91648865,15.38880539,37.31619228
4.817905458,2.426543236,-33.53720856,15.98571205,37.23137735
4.827901458,2.461811543,-33.08701324,16.73222351,37.15882486
4.837898458,2.47326827,-32.78617096,17.52906418,37.26014161
4.847894458,2.431216717,-32.43999481,18.30411911,37.326999
4.857890458,2.25316143,-32.06754303,18.98251343,37.33282562
4.867887458,2.134118557,-31.72863579,19.623703,37.36777369
4.877883458,2.024284124,-31.36293602,20.22064972,37.37119422
4.887879458,1.94201386,-30.88601875,20.86019707,37.32111191
4.897876458,1.876692533,-30.35250473,21.61646652,37.31042942
4.907872458,1.876692533,-30.35250473,21.61646652,37.31042942
4.917868458,1.773840904,-29.73899269,22.41023254,37.27965558
4.927865458,1.585336685,-28.97991562,23.28505707,37.20944348
4.937861458,1.331574678,-28.233675,24.12351608,37.15989133
4.947857458,0.88672328,-27.44167137,25.11720848,37.21163484
4.957854458,0.3172307014,-26.46092606,26.11240005,37.17712576
4.967850458,-0.3157463074,-25.54633331,27.09950447,37.24376436
4.977846458,-0.9716603756,-24.54855919,28.01561356,37.26191736
4.987843458,-1.595612526,-23.53529549,28.74074554,37.18180425
4.997839458,-2.145528793,-22.52239609,29.36095047,37.06652171
5.007835458,-2.592525482,-21.51737022,30.01983261,37.02578507
5.017832458,-2.988791466,-20.4818058,30.67555428,37.00576811
5.027828458,-3.22574234,-19.38981247,31.30984497,36.96858982
5.037824458,-3.292700291,-18.36678696,31.83015251,36.89633244
5.047821458,-3.403713703,-17.28888702,32.45225143,36.92748982
5.057817458,-3.545909882,-16.21450424,32.98705673,36.92735485
5.067813458,-3.842633247,-15.14976788,33.41653442,36.89100256
5.077810458,-4.301382065,-14.09724236,33.70790863,36.78936305
5.087806458,-4.86755991,-12.94168377,34.01293564,36.71593808
5.097802583,-5.572926998,-11.62520885,34.17546082,36.52622507
5.107799583,-6.315933228,-10.28474617,34.31066132,36.37153415
5.117795583,-6.934315681,-8.970444679,34.47456741,36.29117537
5.127791583,-7.366892815,-7.659003258,34.56809998,36.1646924
5.137787583,-7.581681252,-6.352131844,34.73609161,36.11685936
5.147784583,-7.629123688,-5.323848724,34.91130829,36.12957708
5.157780583,-7.475076675,-4.479167938,35.13998795,36.20439848
5.167776583,-7.372286797,-3.707930088,35.17998886,36.13489967
5.177773583,-7.245814323,-2.862887383,35.15615845,36.00907422
5.187769583,-7.27599144,-1.873193741,35.10753632,35.9024792
5.197765583,-7.385182381,-0.6844749451,35.00335693,35.78050337
5.207762583,-7.551573753,0.508972168,34.9643631,35.77418071
5.217758583,-7.724267006,1.680447578,34.82113647,35.70713865
5.227754583,-7.940814018,2.840233803,34.70675659,35.71669649
5.237751583,-8.213713646,4.02432251,34.42108154,35.61560217
5.247747583,-8.448988914,5.239866257,34.14076233,35.5588704
5.257743583,-8.731497765,6.386716843,33.71523285,35.40827772
5.267740583,-9.13104248,7.588670731,33.15061569,35.21259975
5.277736583,-9.592987061,8.85773468,32.5388031,35.06078396
5.287732583,-10.23813534,10.23648834,31.83720779,34.97446081
5.297729583,-10.89589787,11.61989212,30.98381042,34.83875703
5.307725583,-11.5218935,13.01004601,30.01466179,34.6827803
5.317721583,-12.25074768,14.4029274,28.92463112,34.55661184
5.327718583,-12.9826231,15.51716805,27.84274673,34.41728566
5.337714583,-13.85264969,16.48724174,26.68204308,34.28784721
5.347710583,-14.8740797,17.30771446,25.53704643,34.24815276
5.357707583,-15.98539829,17.94091797,24.49113846,34.31071785
5.367703583,-16.94544983,18.4891777,23.42650604,34.31907848
5.377699583,-17.88969803,18.81155586,22.22092438,34.17141217
5.387696583,-18.74419022,19.07931709,21.1072979,34.07173362
5.397692583,-19.48635483,19.41350174,19.8217411,33.90432855
5.407688583,-20.10196686,19.88361168,18.51242256,33.79581149
5.417684583,-20.51877975,20.42535019,17.27613831,33.71468831
5.427681583,-20.86759567,21.03138161,16.09899712,33.71873766
5.437677583,-21.08414078,21.6683712,14.77644539,33.65119078
5.447673583,-21.1974144,22.28045082,13.32704735,33.516549
5.457670583,-21.25630188,22.84110451,11.862463,33.38059995
5.467666583,-21.45063019,23.26202202,10.42128181,33.31447611
5.477662583,-21.67511368,23.60352516,9.199503899,33.34018334
5.487659583,-21.93408585,23.71162224,8.003765106,33.27770135
5.497655583,-22.2949791,23.77953529,6.861022949,33.31074943
5.507651583,-22.62662125,23.65855217,5.641058445,33.21916044
5.517648583,-22.9803772,23.58363152,4.326000214,33.21143914
5.527644583,-23.25451279,23.35063362,3.12787056,33.10299125
5.537640583,-23.54826736,23.06207085,2.037903309,33.02321997
5.547637583,-23.87284088,22.74582863,0.8506317139,32.98497879
5.557633583,-24.24966812,22.38903618,-0.06980895996,33.00485144
5.567629583,-24.54342651,21.92724037,-0.9211626053,32.9246442
5.577626583,-24.79683304,21.42478371,-1.784410477,32.81902507
5.587622583,-25.10274124,20.87196159,-2.554765701,32.74619407
5.597618583,-25.42071152,20.31572151,-3.376425743,32.71607197
5.607615583,-25.74263,19.72538757,-4.288816452,32.7134202
5.617611583,-26.00432205,19.13036156,-5.131361961,32.68832168
5.627607583,-26.27236176,18.50837898,-5.868086815,32.66850972
5.637604583,-26.5676918,17.76881218,-6.634601593,32.64338941
5.647600583,-26.88044357,16.94636345,-7.270437241,32.59749589
5.657596583,-27.11566544,15.94225121,-7.993284225,32.45469578
5.667592583,-27.4032135,14.94627571,-8.806051254,32.43260407
5.677589583,-27.5785141,13.85876274,-9.575540543,32.31610622
5.687585583,-27.79032516,12.81138992,-10.26821136,32.27801185
5.697581583,-27.97698212,11.66356468,-10.98683167,32.24066903
5.707578583,-28.14184189,10.36656952,-11.71691895,32.19806233
5.717574583,-28.32689667,8.951200485,-12.41604805,32.19775325
5.727570583,-28.43375015,7.539833069,-13.11599541,32.20802021
5.737567583,-28.49244308,5.93734169,-13.68498611,32.16131503
5.747563583,-28.54213715,4.385313988,-14.25337219,32.20315498
5.757559583,-28.62494278,2.888561249,-14.63665771,32.27944988
5.767556583,-28.60317612,1.350166321,-14.86379051,32.26293386
5.777552583,-28.55566406,-0.09539604187,-14.96534157,32.23967274
5.787548583,-28.52033234,-1.421042442,-15.16127014,32.3309887
5.797545583,-28.42404938,-2.771363258,-15.26258469,32.38137626
5.807541583,-28.32150269,-4.152995586,-15.23459244,32.42603419
5.817537583,-28.26048279,-5.520866394,-15.11589241,32.52114784
5.827534583,-28.08586121,-7.066223145,-14.99722672,32.61386083
5.837530583,-27.85608292,-8.677866936,-14.73333359,32.68543787
5.847526583,-27.65612411,-10.21780682,-14.39262962,32.80872696
5.857523583,-27.41179657,-11.71743965,-13.90415001,32.89423005
5.867519583,-27.12450409,-13.22143936,-13.42244911,33.02585837
5.877515583,-26.85679626,-14.67325974,-12.81894493,33.18007544
5.887512583,-26.46342087,-16.20494652,-12.04547119,33.28672877
5.897508583,-25.88774872,-17.69384766,-11.51456451,33.4040862
5.907504583,-25.2158432,-19.2804718,-10.97896004,33.58739205
5.917501583,-24.45197296,-20.80665398,-10.50080872,33.77991733
5.927497583,-23.58348083,-22.26198196,-10.15044212,33.98246437
5.937493583,-22.60783386,-23.60790634,-9.787549973,34.121013
5.947489583,-21.54558945,-24.96563721,-9.446834564,34.30361714
5.957486583,-20.51223373,-26.11117935,-9.186975479,34.45208177
5.967482583,-19.42716599,-27.21174431,-9.018375397,34.62982676
5.977478583,-18.30390549,-28.15384674,-8.979549408,34.76067246
5.987475583,-17.13819122,-28.98457718,-9.145774841,34.8922414
5.997471583,-16.01056671,-29.66399193,-9.359136581,34.98405495
6.007467583,-15.01875782,-30.13698387,-9.767002106,35.0598804
6.017464583,-14.06155491,-30.49181175,-10.20953751,35.0957628
6.027460583,-13.14866257,-30.77179909,-10.7829895,35.15769914
6.037456583,-12.23784828,-31.07829857,-11.21461105,35.23340849
6.047453583,-11.3086195,-31.34994507,-11.44956207,35.23913169
6.057449583,-10.47255802,-31.68786812,-11.56802177,35.32158809
6.067445583,-9.711381912,-32.07063293,-11.57078934,35.4502412
6.077442583,-9.01202774,-32.47149658,-11.14458656,35.49389446
6.087438583,-8.397260666,-32.79257584,-10.6580143,35.48887552
6.097435333,-7.889245033,-33.19500732,-10.05162811,35.56942403
6.107432333,-7.548313141,-33.61225891,-9.151712418,35.64428174
6.117428333,-7.347491264,-33.97563934,-8.124797821,35.69792762
6.127424333,-7.290171623,-34.31980133,-6.951128006,35.76749287
6.137421333,-7.357037544,-34.56223297,-5.64837265,35.7851654
6.147417333,-7.368983269,-34.86505508,-4.251350403,35.88799187
6.157413333,-7.431941032,-35.06389618,-2.823558807,35.9539017
6.167410333,-7.443572044,-35.26096344,-1.234109879,36.0591921
6.177406333,-7.299942017,-35.39987946,0.5016231537,36.14819836
6.187402333,-7.213467598,-35.54003143,2.184991837,36.33045745
6.197398333,-7.157592773,-35.48387909,3.908157349,36.40893439
6.207395333,-7.066588402,-35.35925293,5.56776619,36.48579806
6.217391333,-6.851240158,-35.25753403,7.279486656,36.64729353
6.227387333,-6.599848747,-35.08761597,8.82925415,36.77845193
6.237384333,-6.277679443,-34.85932541,10.21476173,36.86357531
6.247380333,-6.021341324,-34.6292572,11.3523283,36.93666693
6.257376333,-5.675125122,-34.61120987,12.34698677,37.18320825
6.267373333,-5.515775681,-34.56690598,13.03186226,37.35136147
6.277369333,-5.391271114,-34.51172638,13.41332626,37.41714023
6.287365333,-5.391271114,-34.51172638,13.41332626,37.41714023
6.297362333,-5.271237373,-34.57164764,13.63173199,37.53410291
6.307358333,-5.250042439,-34.62934113,13.61053848,37.57660137
6.317354333,-5.139609814,-34.80944443,13.27555275,37.60788895
6.327351333,-5.033928871,-34.89191437,12.97909546,37.56651497
6.337347333,-4.843855381,-35.0456543,12.77124023,37.61336727
6.347343333,-4.525067806,-35.0968132,12.51245117,37.53430391
6.357340333,-4.094632149,-35.1703186,12.38477325,37.51133071
6.367336333,-3.580121994,-35.18797684,12.42345047,37.48803955
6.377332333,-2.847465992,-35.25622559,12.61798859,37.55426928
6.387329333,-2.089816093,-35.27777863,13.01129341,37.65876727
6.397325333,-1.11043334,-35.36802292,13.47165871,37.86311788
6.407321333,-0.1097187996,-35.37117767,13.96641541,38.02884441
6.417317333,0.861251533,-35.22467422,14.36265087,38.05003507
6.427314333,1.741362333,-35.05109406,14.68186665,38.04167117
6.437310333,2.701193333,-34.94750214,14.73713207,38.02377431
6.447306333,3.812674999,-34.97840881,14.47162151,38.04541238
6.457303333,5.058935642,-34.97666931,13.89144135,37.97278458
6.467299333,6.485146999,-35.16830444,12.96720695,38.03965333
6.477295333,7.87259388,-35.36003113,11.83509636,38.11009107
6.487292333,9.234457016,-35.55617523,10.50060272,38.20706022
6.497288333,10.47011948,-35.74819946,8.897001266,38.29769965
6.507284333,11.38004494,-35.86340332,7.179410934,38.30447835
6.517281333,12.03212452,-35.96594238,5.216013908,38.28221301
6.527277333,12.54710293,-36.01496124,3.129246712,38.26616534
6.537273333,12.92765522,-36.02172852,0.7986965179,38.27959131
6.547270333,13.16693401,-35.78933716,-1.657421112,38.17056261
6.557266333,13.40237713,-35.38452148,-4.165452957,38.06624583
6.567262333,13.64900875,-34.76968384,-6.832145691,37.97241853
6.577259333,13.90918446,-33.92613602,-9.472230911,37.87045386
6.587255333,14.12344933,-32.88182068,-11.95040321,37.72927363
6.597251333,14.44422054,-31.7973671,-14.16896629,37.68909215
6.607248333,14.7133255,-30.64328957,-16.02007866,37.57839889
6.617244333,14.94855785,-29.49837685,-17.5951519,37.45935115
6.627240333,15.13024521,-28.46300507,-18.90963936,37.37166625
6.637237333,15.31280518,-27.62687492,-20.00225639,37.38738398
6.647233333,15.34496117,-26.98035049,-20.8451519,37.38886871
6.657229333,15.2160368,-26.45206451,-21.55047226,37.35856458
6.667225333,15.0860014,-25.9921093,-22.20692253,37.36742689
6.677222333,14.96687126,-25.48540878,-22.90315056,37.39074219
6.687218333,14.80013943,-24.79342079,-23.64006233,37.31769538
6.697214333,14.61554909,-24.05764008,-24.44234657,37.28019081
6.707211333,14.3845253,-23.19271278,-25.21296883,37.1552189
6.717207333,14.13434792,-22.36016083,-25.91612434,37.03244637
6.727203333,13.8591795,-21.47154617,-26.66420174,36.93350519
6.737200333,13.50538826,-20.57027054,-27.41260338,36.83724156
6.747196333,13.02666378,-19.68006516,-28.18810844,36.76368305
6.757192333,12.50413036,-18.8323288,-28.82118797,36.62882417
6.767189333,11.91392612,-18.08186722,-29.50197411,36.5959292
6.777185333,11.30071735,-17.28775406,-30.11614037,36.51786636
6.787181333,10.71509647,-16.67287064,-30.61542702,36.4705673
6.797178333,10.08018112,-16.1815567,-30.99720955,36.39065579
6.807174333,9.414382935,-15.7160778,-31.39449883,36.34886881
6.817170333,8.683020592,-15.15205669,-31.77779579,36.26028094
6.827167333,7.97023201,-14.50927353,-32.18598938,36.19366697
6.837163333,7.177476406,-13.84346199,-32.60586548,36.14277343
6.847159333,6.353348732,-13.3081255,-32.9100647,36.06305038
6.857156333,5.498831272,-12.77530861,-33.09817505,35.90173877
6.867152333,4.537857056,-12.15550995,-33.32521057,35.76196623
6.877148333,3.564377785,-11.66717339,-33.56236267,35.71078145
6.887144333,2.592458725,-11.1788435,-33.7570343,35.65423887
6.897141333,1.605930805,-10.65375137,-33.86345673,35.53611028
6.907137333,0.6601423025,-10.13921928,-34.01118469,35.49648208
6.917133333,-0.2955338955,-9.470088005,-34.08041382,35.37293475
6.927130333,-1.265431404,-8.750712395,-34.12135315,35.24830528
6.937126333,-2.182144165,-7.97454071,-34.22158813,35.20613792
6.947122333,-2.974811077,-7.313764572,-34.29566956,35.19280613
6.957119333,-3.672844887,-6.591319561,-34.23350525,35.05521594
6.967115333,-4.314865112,-5.962404728,-34.16337585,34.94716842
6.977111333,-4.830069065,-5.379266739,-34.2328949,34.98795751
6.987108333,-5.165023804,-4.790840149,-34.3041687,35.02007439
6.997104333,-5.275845051,-4.212741375,-34.32726288,34.98489256
7.007100333,-5.329228878,-3.596352577,-34.30861664,34.90581052
7.017097333,-5.378720284,-2.99455452,-33.95581055,34.50934741
7.027093333,-5.323805809,-2.594783783,-33.11154938,33.63704079
7.037089333,-5.377285957,-2.091980934,-32.57968903,33.08666991
7.047086333,-5.580927849,-1.4180336,-32.38594055,32.89387056
7.057082333,-5.774604797,-0.6540822983,-32.64085388,33.15417359
7.067078333,-5.948503971,0.3979387283,-33.40044403,33.92834679
7.077074333,-5.987714767,1.457859993,-33.81943512,34.37633308
7.087071333,-5.913609505,2.428139687,-33.89044189,34.48809492
7.097066833,-5.796163082,3.484762192,-33.92498016,34.5925332
7.107062833,-5.507083893,4.427106857,-33.92707825,34.65507014
7.117059833,-5.085038185,5.335170746,-33.75362396,34.54893328
7.127055833,-4.67707634,6.141214371,-33.64800262,34.52213258
7.137051833,-4.274083138,6.982397079,-33.66336823,34.64453804
7.147048833,-3.950608253,7.925134659,-33.57981873,34.72778845
7.157044833,-3.652046204,8.822120667,-33.42591858,34.76290102
7.167040833,-3.314487457,9.653972626,-33.2692337,34.79981215
7.177037833,-2.881263733,10.51629829,-33.07138062,34.82255629
7.187033833,-2.479933739,11.44621277,-32.77542114,34.80508712
7.197029833,-2.091883898,12.50239372,-32.402771,34.79404253
7.207026833,-1.633799553,13.59718513,-32.03297424,34.83768338
7.217022833,-1.190517426,14.70105743,-31.43671608,34.72471079
7.227018833,-0.7821331024,15.8572998,-30.78238869,34.63554738
7.237014833,-0.4232406616,16.94779015,-30.21345711,34.6447646
7.247011833,-0.02585148811,17.96985435,-29.58071327,34.61119662
7.257007833,0.2615776062,19.01413345,-29.03556633,34.70835355
7.267003833,0.6102132797,19.95349884,-28.52653694,34.81777974
7.277000833,0.9138839245,20.72237587,-27.9073391,34.77170719
7.286996833,1.189387321,21.42561531,-27.23934746,34.67641394
7.296992833,1.555642128,22.28129005,-26.47558403,34.63859782
7.306989833,1.944046736,23.14508247,-25.6814518,34.62674006
7.316985833,2.375684261,24.04729271,-24.85550117,34.66571939
7.326981833,2.826787233,24.82853889,-23.95178032,34.61408456
7.336978833,3.245093346,25.66302681,-23.09583092,34.67764383
7.346974833,3.644382477,26.44953728,-22.15867043,34.69677537
7.356970833,4.127388477,27.11253548,-21.26671028,34.70443605
7.366967833,4.557448864,27.63625526,-20.39869499,34.65024823
7.376963833,4.955454826,28.16923714,-19.79600716,34.78425438
7.386959833,5.432932854,28.54707527,-19.22569275,34.84364401
7.396956833,5.866975784,28.88349724,-18.77475739,34.94523333
7.406952833,6.3178792,29.06455421,-18.33913231,34.94263418
7.416948833,6.797727585,29.22026634,-17.90664101,34.93824348
7.426944833,7.191608429,29.41697121,-17.56501198,35.00867139
7.436941833,7.532968521,29.54990196,-17.25962257,35.04050359
7.446937833,7.828586578,29.61712074,-17.05768585,35.06316095
7.456933833,8.123641014,29.63841438,-16.93628693,35.08941386
7.466930833,8.478780746,29.66800117,-16.68853569,35.07972691
7.476926833,8.900164604,29.54007912,-16.40988922,34.94443687
7.486922833,9.382854462,29.52692223,-16.10567093,34.91804304
7.496919833,9.918394089,29.59167671,-15.70691109,34.93921762
7.506915833,10.52068329,29.77886772,-15.35250473,35.11645115
7.516911833,11.17434692,29.93123817,-14.89569855,35.25091322
7.526908833,11.82595348,30.01013756,-14.32618713,35.29449206
7.536904833,12.54958725,29.9498806,-13.6835556,35.23814953
7.546900833,13.35842991,29.92482948,-12.9498024,35.23691887
7.556897833,14.17838192,29.86582756,-12.17389488,35.23063846
7.566893833,15.02959347,29.79939842,-11.24837112,35.21957807
7.576889833,15.85252094,29.68852425,-10.25250626,35.18273407
7.586885833,16.61156464,29.58975792,-9.190895081,35.15637077
7.596882833,17.27669144,29.58038139,-8.223726273,35.22942952
7.606878833,17.95466614,29.3986454,-7.177791595,35.18765522
7.616874833,18.56423569,29.26474571,-6.199594498,35.20640794
7.626871833,19.16951752,29.02449608,-5.021756172,35.14412909
7.636867833,19.79862976,28.80531502,-3.791726112,35.15834326
7.646863833,20.38177109,28.48729134,-2.73690033,35.13449848
7.656860833,20.96956635,28.16407204,-1.830751419,35.16090609
7.666856833,20.96956635,28.16407204,-1.830751419,35.16090609
7.676852833,21.53032303,27.85139275,-0.9466247559,35.21577752
7.686849833,21.97364807,27.59242821,0.03552627563,35.27300053
7.696845833,22.43280411,27.30136299,1.026429653,35.35037028
7.706841833,22.82950974,26.9491291,2.00191021,35.37583524
7.716838833,23.1055336,26.71953392,3.01170969,35.45235635
7.726834833,23.2915802,26.50888634,4.202908516,35.53706801
7.736830833,23.45206451,26.2819767,5.335887909,35.62602039
7.746826833,23.49851608,25.98452568,6.411854267,35.61583507
7.756823833,23.48049545,25.80999565,7.540866375,35.6980981
7.766819833,23.40317917,25.44692421,8.823587418,35.68067323
7.776815833,23.34066391,25.17529869,10.04947472,35.77113638
7.786812833,23.12016296,24.9388485,11.25667763,35.82179352
7.796808833,22.81626892,24.61230659,12.50272751,35.81432616
7.806804833,22.57117081,24.30567741,13.85518456,35.94704223
7.816801833,22.26622772,23.96054268,15.27768326,36.10124801
7.826797833,21.8791275,23.51694298,16.61684036,36.16437765
7.836793833,21.38915634,23.19088173,18.01234436,36.32846754
7.846790833,20.83100128,22.99335289,19.26665306,36.52162115
7.856786833,20.2441597,22.88959694,20.3242836,36.69926639
7.866782833,19.48270035,22.84996986,21.24980164,36.7865574
7.876778833,18.68162537,22.85218239,22.1103363,36.87942974
7.886775833,17.54891396,22.99892235,22.91235352,36.90380406
7.896771833,16.21009064,23.25623512,23.68249512,36.93886958
7.906767833,14.6077137,23.57430077,24.42651367,36.9565627
7.916764833,12.75267887,23.97006035,25.05186462,36.94307151
7.926760833,10.71290874,24.46545601,25.66027451,37.03747615
7.936756833,8.585519791,24.89235115,26.03123093,37.02654831
7.946753833,6.501495361,25.25219917,26.17027664,36.94355674
7.956749833,4.500875473,25.55888557,26.15095901,36.84273564
7.966745833,2.50669241,25.90001488,26.1341095,36.87934322
7.976742833,0.4972571135,26.05117989,26.10003662,36.87984747
7.986738833,-1.555292606,26.07559013,26.00307655,36.8580429
7.996734833,-3.451035023,25.86120415,25.87063217,36.74236154
8.006730833,-5.236718178,25.60560036,25.85237885,36.76160332
8.016727833,-6.972935677,25.21600533,25.77221298,36.72432053
8.026723833,-8.603488922,24.79659462,25.73436546,36.75797454
8.036719833,-10.274683,24.38300514,25.57060623,36.79614047
8.046716833,-11.96123219,23.89550591,25.35530281,36.8369062
8.056712833,-13.59396839,23.27564812,24.93185425,36.71715033
8.066708833,-15.28986454,22.69585991,24.32878494,36.61655079
8.076705833,-16.95998383,21.97919655,23.68992996,36.4957383
8.086701833,-18.39769363,21.24060631,23.07071304,36.35789168
8.096697833,-19.80685806,20.33294106,22.39646912,36.15718389
8.106694833,-21.11803055,19.37945938,21.69798279,35.94909063
8.116690833,-22.40612793,18.3224659,21.11457443,35.82698116
8.126686833,-23.58948898,17.21116638,20.56298828,35.71448902
8.136683833,-24.55733871,15.83127975,20.12885475,35.48046078
8.146679833,-25.43106842,14.53000259,19.71747589,35.30777637
8.156675833,-26.26632309,13.17752266,19.40120697,35.21325978
8.166672833,-26.93539047,11.8812294,18.98840904,35.03196469
8.176668833,-27.54216003,10.73465919,18.41147995,34.82507834
8.186664833,-28.05758286,9.795804977,17.83087921,34.65726481
8.196660833,-28.59354019,8.965026855,17.23867798,34.57071399
8.206657833,-29.04904175,8.069101334,16.58971786,34.41185786
8.216653833,-29.55831909,7.020551682,15.78314495,34.23580053
8.226649833,-29.99943542,5.843681335,15.0239315,34.05632475
8.236646833,-30.38290787,4.573418617,14.23237228,33.86144813
8.246642833,-30.6917305,3.194672585,13.5155611,33.68766311
8.256638833,-30.96209717,1.990642548,12.85539246,33.58385377
8.266635833,-31.23676682,0.7490968704,12.05562782,33.49081828
8.276631833,-31.47901917,-0.429561615,11.19267464,33.41240991
8.286627833,-31.69692612,-1.578828812,10.25857735,33.35305436
8.296623833,-31.82126617,-2.652018547,9.368034363,33.27741353
8.306620833,-31.84431839,-3.750778198,8.384297371,33.14250131
8.316616833,-31.82429886,-4.966597557,7.377202034,33.04355004
8.326612833,-31.81986618,-6.097578049,6.301565647,33.00597024
8.336609833,-31.78240967,-7.213800907,5.280126095,33.01575714
8.346605833,-31.63174057,-8.317331314,4.24688673,32.98152602
8.356601833,-31.41836929,-9.335280418,3.1580019,32.92771425
8.366598833,-31.1418457,-10.32661247,2.016994953,32.87129063
8.376594833,-30.88020325,-11.23010445,0.9057455063,32.87130319
8.386590833,-30.60821152,-12.01271057,-0.05307483673,32.88115942
8.396587833,-30.34642792,-12.62167645,-0.93309021,32.87982757
8.406583833,-29.99998474,-13.20164776,-1.596896172,32.81512861
8.416579833,-29.71148682,-13.70479202,-2.269760132,32.7985607
8.426576833,-29.35191727,-14.28881264,-2.854085922,32.76966616
8.436572833,-28.97121048,-14.96556091,-3.31350708,32.77618616
8.446568833,-28.66892242,-15.43804455,-3.878097534,32.79146189
8.456564833,-28.34631729,-15.95293999,-4.393205643,32.82240476
8.466561833,-27.97915649,-16.47655487,-4.921313286,32.8409711
8.476557833,-27.59410858,-16.87928009,-5.509599686,32.81311649
8.486553833,-27.16389465,-17.18759155,-6.006279945,32.70116015
8.496550833,-26.81171417,-17.49713135,-6.660276413,32.70132878
8.506546833,-26.43194199,-17.8080368,-7.266054153,32.68897788
8.516542833,-26.0357399,-18.16002464,-7.808439255,32.68972271
8.526539833,-25.5477066,-18.56722641,-8.39515686,32.67882905
8.536535833,-25.02568817,-18.9785614,-9.035852432,32.6820668
8.546531833,-24.47370529,-19.40343094,-9.57723999,32.66770437
8.556528833,-23.91836929,-19.82328606,-10.12577248,32.67387837
8.566524833,-23.41768646,-20.11309242,-10.73589706,32.68308449
8.576520833,-22.8771553,-20.25469589,-11.51645279,32.65341675
8.586517833,-22.31469727,-20.33717537,-12.42524338,32.64863074
8.596513833,-21.70824051,-20.57512665,-13.3922863,32.77097611
8.606509833,-21.12315369,-20.7554493,-14.38147736,32.92116626
8.616505833,-20.4107666,-20.89584541,-15.28548431,32.96789013
8.626502833,-19.77742386,-21.01317596,-15.97470856,32.98319833
8.636498833,-19.18807983,-20.99936867,-16.57468224,32.92227184
8.646494833,-18.6891098,-21.00682449,-17.27169037,32.99819372
8.656491833,-18.18580246,-20.87031364,-17.95636177,32.99582293
8.666487833,-17.86359024,-20.74399185,-18.54747581,33.06705178
8.676483833,-17.49393082,-20.70688248,-19.06260109,33.13903073
8.686480833,-17.14110184,-20.68893051,-19.44824982,33.16750878
8.696476833,-16.81279373,-20.67327499,-19.55955887,33.05496446
8.706472833,-16.497715,-20.62746048,-19.43190956,32.79124632
8.716469833,-16.15901184,-20.47887611,-19.4224968,32.52278297
8.726465833,-15.87567806,-20.27726746,-19.59446335,32.35966198
8.736461833,-15.65593624,-19.93825531,-19.70503807,32.10811252
8.746457833,-15.45186901,-19.68283463,-19.94360733,31.99877667
8.756454833,-15.47502804,-19.21657181,-20.53222084,32.09867937
8.766450833,-15.51509762,-18.89738083,-20.43133163,31.86327931
8.776446833,-15.56437969,-18.50504875,-20.63129807,31.78580193
8.786443833,-15.76168537,-17.88770294,-21.92180443,32.38774694
8.796439833,-15.87424374,-17.32875061,-22.82649994,32.76165917
8.806435833,-15.86052036,-16.92987633,-23.1923275,32.8033668
8.816432833,-15.92735004,-16.32248116,-23.43664742,32.7013809
8.826428833,-15.89688778,-15.64625168,-23.42480659,32.34559934
8.836424833,-15.92503834,-14.93559742,-23.67901039,32.20829784
8.846421833,-15.83100605,-14.21609497,-23.84833717,31.96030811
8.856417833,-15.72957897,-13.3800354,-24.0770359,31.71984647
8.866413833,-15.65867329,-12.4489193,-24.97002602,31.99487209
8.876409833,-15.73346233,-11.3979845,-26.0771656,32.51883229
8.886406833,-15.80912113,-10.40444756,-26.71406364,32.73869326
8.896402833,-15.89930439,-9.45950222,-27.13777351,32.84400727
8.906398833,-15.93667316,-8.509119987,-27.37787437,32.80138228
8.916395833,-16.01847076,-7.64786911,-27.59058189,32.80733937
8.926391833,-16.15162277,-6.732452869,-28.0044384,33.02195345
8.936387833,-16.27514267,-5.667647839,-28.37227821,33.19621472
8.946384833,-16.46494293,-4.662401199,-28.39990425,33.15700367
8.956380833,-16.6715126,-3.627581596,-28.38202477,33.11552522
8.966376833,-17.03230667,-2.618598938,-28.29930305,33.13317196
8.976373833,-17.36934662,-1.61046505,-27.96600914,32.96036206
8.986369833,-17.6410408,-0.6163911819,-27.75615883,32.8936257
8.996365833,-18.0010376,0.3208360672,-27.73014259,33.06207947
9.006361833,-18.23812485,1.265877724,-27.55799294,33.07075171
9.016358833,-18.45969009,2.281925201,-27.37187386,33.09360693
9.026354833,-18.45969009,2.281925201,-27.37187386,33.09360693
9.036350833,-18.62000275,3.380304337,-27.22297096,33.15450358
9.046347833,-18.76988602,4.525127411,-26.94013405,33.14447498
9.056343833,-18.84402847,5.776489258,-26.49028206,33.01818106
9.066339833,-18.98192978,7.11797142,-26.15351677,33.09056685
9.076336833,-19.0680275,8.551841736,-25.86632347,33.25342628
9.086332833,-19.04984283,9.958026886,-25.40207863,33.27648434
9.096328833,-19.02505875,11.41866493,-24.93950081,33.38139407
9.106325833,-18.98897934,12.91062737,-24.40852928,33.51181787
9.116321833,-19.02125168,14.27168274,-23.82405281,33.66117104
9.126317833,-19.08294296,15.42372704,-23.18947792,33.7609531
9.136314833,-19.14918518,16.41098022,-22.52998543,33.81733
9.146310833,-19.10458374,17.32150841,-22.02137947,33.91107381
9.156306833,-18.86410522,18.13167191,-21.57568169,33.91344914
9.166302833,-18.63304901,18.86854553,-21.46889687,34.11929159
9.176299833,-18.35684967,19.46928978,-21.30172729,34.20220402
9.186295833,-18.14161682,20.03672409,-21.12894249,34.3077365
9.196291833,-17.96583939,20.6044178,-20.89818954,34.40999483
9.206288833,-17.77159882,21.05068779,-20.64078712,34.42387651
9.216284833,-17.65374756,21.50165367,-20.43296623,34.51785078
9.226280833,-17.5695343,21.96879387,-20.23680115,34.65320419
9.236277833,-17.39469528,22.36998558,-19.99814796,34.68310253
9.246273833,-17.20433426,22.78338432,-19.78399467,34.73439454
9.256269833,-16.91680527,23.21126366,-19.65816116,34.80494737
9.266266833,-16.5326767,23.57205772,-19.49706459,34.7722135
9.276262833,-16.10662079,23.84849358,-19.3211937,34.66240622
9.286258833,-15.83964443,24.13295937,-19.24547577,34.69412632
9.296254833,-15.67886639,24.3837719,-19.07103729,34.700139
9.306251833,-15.54113865,24.79754829,-19.04475021,34.91629852
9.316247833,-15.32449055,25.22941017,-19.02629852,35.11927083
9.326243833,-15.01128292,25.7569561,-18.88602638,35.29081176
9.336240833,-14.49403667,26.24753761,-18.68938255,35.33133666
9.346236833,-13.8458128,26.86060905,-18.52865601,35.44728402
9.356232833,-13.1524725,27.38446236,-18.30652046,35.46864817
9.366229833,-12.50397205,27.86483574,-18.18102264,35.54360663
9.376225833,-12.0364275,28.24142265,-18.11526299,35.64570512
9.386221833,-11.66276073,28.44364738,-17.86148262,35.55409436
9.396218833,-11.37520599,28.69288826,-17.68663216,35.57378396
9.406214833,-11.11766148,28.97011375,-17.51385689,35.63151794
9.416210833,-10.828269,29.25027275,-17.29604149,35.66486951
9.426207833,-10.52904797,29.57116508,-16.94141388,35.66968124
9.436203833,-10.21525097,29.86179924,-16.56054306,35.64168897
9.446199833,-9.960837364,30.15734291,-16.21214485,35.65834058
9.456195833,-9.694626808,30.35985374,-16.14013481,35.72408795
9.466192833,-9.442556381,30.48251534,-16.1313858,35.75705833
9.476188833,-9.156686783,30.45311165,-16.30905342,35.73824486
9.486184833,-8.777602196,30.36560249,-16.61680031,35.71042099
9.496181833,-8.318161964,30.23518181,-16.90734863,35.62606455
9.506177833,-7.870859146,30.04856682,-17.17717361,35.49538118
9.516173833,-7.508738518,29.891119,-17.32188797,35.35403728
9.526170833,-7.186602592,29.75901222,-17.45389557,35.24038217
9.536166833,-6.888923645,29.70057487,-17.75660515,35.28283497
9.546162833,-6.520702362,29.61402702,-18.07592583,35.3022556
9.556158833,-6.074679852,29.54697609,-18.3319664,35.2985343
9.566155833,-5.674357414,29.47989464,-18.5769062,35.3038803
9.576151833,-5.312661648,29.29358101,-18.83841324,35.23101014
9.586147833,-5.016364574,29.02783394,-19.06535721,35.08941296
9.596144833,-4.737970829,28.80294609,-19.17051315,34.92229439
9.606140833,-4.391120911,28.44716835,-19.39454842,34.70838282
9.616136833,-3.983197689,28.12890816,-19.68625832,34.5637108
9.626133833,-3.480279922,27.74819374,-19.90716171,34.32738982
9.636129833,-2.836744785,27.37392616,-20.09391975,34.07557139
9.646125833,-2.165829182,27.14706612,-20.46180153,34.063754
9.656122833,-1.375450373,27.02411079,-20.69938469,34.06844514
9.666118833,-0.5350246429,26.93605232,-20.81643105,34.04645308
9.676114833,0.3250484467,26.89037132,-21.02832985,34.13778526
9.686110833,1.255445004,26.82535744,-21.12138557,34.1656095
9.696107833,2.123386145,26.70062828,-21.02103806,34.04873508
9.706103833,2.861226082,26.67109108,-21.06721878,34.1080844
9.716099833,3.641866922,26.57032204,-21.08109474,34.11242828
9.726096833,4.458333015,26.50111198,-21.14253807,34.19345823
9.736092833,5.313289642,26.410429,-20.99258423,34.15304378
9.746088833,6.228662014,26.34075737,-20.88648415,34.18884247
9.756085833,7.128447533,26.19473839,-20.85116768,34.2308381
9.766081833,8.119804382,25.95549202,-20.76448631,34.21670178
9.776077833,8.97899437,25.73239326,-20.73620224,34.24570756
9.786074833,9.882559776,25.42545891,-20.71344948,34.25151001
9.796070833,10.73370552,25.03174782,-20.64743805,34.17773443
9.806066833,11.58689594,24.63631248,-20.65830994,34.17557344
9.816062833,12.38298798,24.12793159,-20.8024807,34.17950669
9.826059833,13.11228848,23.65595055,-20.96935272,34.22352786
9.836055833,13.92546272,23.08898354,-21.09039879,34.23192361
9.846051833,14.7968502,22.57142067,-21.19067383,34.31414379
9.856048833,15.62509537,22.05383492,-21.18379021,34.34047477
9.866044833,16.51213455,21.50877953,-21.02094078,34.3097382
9.876040833,17.42054749,21.00740623,-20.7263298,34.26904344
9.886037833,18.44038391,20.58880997,-20.41290665,34.36034942
9.896033833,19.55335236,20.05275917,-20.05075836,34.4453139
9.906029833,20.75183487,19.46134949,-19.42183304,34.44692109
9.916026833,22.0194931,18.82634926,-18.6332531,34.44542965
9.926022833,23.31171036,18.17840576,-17.77542496,34.4942895
9.936018833,24.64242935,17.5653019,-16.74599457,34.58637722
9.946014833,25.82984543,16.90440178,-15.70815468,34.63648131
9.956011833,26.93412781,16.22733116,-14.53027344,34.63960686
9.966007833,27.99316406,15.46770859,-13.37168694,34.66510139
9.976003833,28.97341919,14.70063782,-12.03623009,34.64734631
9.986000833,29.87295914,13.98042679,-10.77748489,34.69870605
9.995996833,30.62901688,13.36008263,-9.42424202,34.71951642
10.00599283,31.33205795,12.82782936,-8.062572479,34.80310527
10.01598983,32.0279541,12.24045944,-6.503066063,34.89854667
10.02598583,32.68976593,11.57094574,-4.81812191,35.01031106
10.03598183,33.16812897,10.9673996,-3.161805153,35.07713849
10.04597783,33.53013992,10.36102486,-1.491018295,35.12611927
10.05597483,33.81236649,9.864917755,0.2075643539,35.2226605
10.06597083,34.02167511,9.362762451,1.688522816,35.32685674
10.07596683,34.09746933,9.014503479,2.982423782,35.39482362
10.08596383,33.94951248,9.032611847,3.686259747,35.3234481
10.09595983,33.83057785,8.953155518,4.50873518,35.28449637
10.10595933,33.78973007,8.906581879,5.186445236,35.32665103
10.11595633,33.73299026,8.835700989,5.748125076,35.34155042
10.12595233,33.68842697,8.874681473,6.326405048,35.40753428
10.13594833,33.61486435,8.879716873,6.923677444,35.45061052
10.14594533,33.43690109,8.831874847,7.816206932,35.45590866
10.15594133,33.21269989,8.867391586,8.756594658,35.47382158
10.16593733,32.88352966,8.88164711,9.901424408,35.47179702
10.17593333,32.56767273,8.850894928,11.14083576,35.54025703
10.18593033,32.15638733,8.760065079,12.30294991,35.52653322
10.19592633,31.76143265,8.636285782,13.47510338,35.56616998
10.20592233,31.30960464,8.505290985,14.58683395,35.57256025
10.21591933,30.84750366,8.413951874,15.76925278,35.65154136
10.22591533,30.32946014,8.234806061,17.07768631,35.76780051
10.23591133,29.75891876,7.998508453,18.38802338,35.88438082
10.24590833,29.11322021,7.741481781,19.60849762,35.94444756
10.25590433,28.34713364,7.458011627,20.82140732,35.9543172
10.26590033,27.56488419,7.077863693,22.07432175,36.01658889
10.27589633,26.77762985,6.6346035,23.23786736,36.07018025
10.28589333,26.06629944,6.002840042,24.54573059,36.30397974
10.29588933,25.38557816,5.412506104,25.87215042,36.64820552
10.30588533,24.7097435,4.832150459,27.1710701,37.04305808
10.31588233,24.14632416,4.308767319,28.24567795,37.40893969
10.32587833,23.57395935,3.910758972,29.0369873,37.60548134
10.33587433,23.12126923,3.570025444,29.49463654,37.64666993
10.34587133,22.80376053,3.297007561,29.44769859,37.39048951
10.35586733,22.55105209,3.181229591,29.167696,37.00573823
10.36586333,22.37203979,3.146039963,29.21842766,36.9340256
10.37586033,22.21382141,3.068759918,29.26089859,36.8655847
10.38585633,22.13386917,3.066130638,29.34526062,36.88432787
10.39585233,22.13386917,3.066130638,29.34526062,36.88432787
10.40584833,22.13959503,2.988020897,29.47637939,36.9857659
10.41584533,22.11421967,3.032114983,29.65967751,37.12046474
10.42584133,22.09127808,3.189443588,29.77400017,37.21139884
10.43583733,22.03475189,3.271542549,29.78952026,37.19743001
10.44583433,22.02937317,3.314743042,29.84817886,37.24506122
10.45583033,22.01612091,3.354721069,29.9264946,37.30360321
10.46582633,21.95455933,3.504274368,29.76626778,37.15256803
10.47582333,21.97372437,3.677874565,29.66653442,37.10087045
10.48581933,22.11617661,3.721824646,29.50417709,37.06040626
10.49581533,22.52626801,3.753905296,29.292099,37.14231575
10.50581233,23.22486115,3.87556839,28.69889832,37.12197422
10.51580833,24.11826324,3.916111946,27.83390045,37.0371782
10.52580433,25.38623428,3.879281998,26.65723419,37.01510306
10.53580033,26.82882309,3.86561203,25.01957512,36.88777364
10.54579733,28.45554733,3.892341614,23.00159836,36.79595119
10.55579333,30.12059784,3.843153,20.33664322,36.54585198
10.56578933,31.71252441,3.829425812,17.42584229,36.38693016
10.57578633,33.09087372,3.735692024,14.10358906,36.1645205
10.58578233,34.19949341,3.70366478,10.52406979,35.97330298
10.59577833,34.93972778,3.661463737,6.848340511,35.79232686
10.60577533,35.35364914,3.535456657,3.213749409,35.67503534
10.61577133,35.47940063,3.203213692,-0.1438970566,35.62399688
10.62576733,35.30187225,2.846474648,-3.288302422,35.56877191
10.63576333,34.98694992,2.431381226,-5.943914413,35.57145482
10.64576033,34.51705933,2.008761406,-8.23074913,35.54163387
10.65575633,34.06562424,1.631495476,-10.33841896,35.63721985
10.66575233,33.43285751,1.384321213,-12.09439468,35.5801446
10.67574933,32.77485275,1.284041405,-13.7548275,35.56733072
10.68574533,31.97880554,1.233210564,-15.37162781,35.50284149
10.69574133,31.11859131,1.199181557,-17.0178833,35.48821091
10.70573833,30.1763649,1.181484222,-18.60562897,35.47080959
10.71573433,29.13012695,1.090058327,-20.25623512,35.49743068
10.72573033,27.85432816,0.9181127548,-21.87295723,35.42785325
10.73572633,26.32579041,0.7744684219,-23.51679802,35.30845268
10.74572333,24.57606506,0.6303424835,-25.25933266,35.24789628
10.75571933,22.711689,0.4923343658,-26.9617672,35.25620655
10.76571533,20.63975143,0.4043264389,-28.51532936,35.2035059
10.77571233,18.61624527,0.2536687851,-29.66200829,35.02090335
10.78570833,16.71040726,0.1615695953,-30.72497368,34.97553178
10.79570433,15.01772499,0.06807136536,-31.58462334,34.97320587
10.80570133,13.42487621,-0.122387886,-32.23111725,34.91542924
10.81569733,11.83100033,-0.2539453506,-32.78403473,34.85441134
10.82569333,10.26581478,-0.3729085922,-33.18986511,34.74324625
10.83569033,8.744773865,-0.5613918304,-33.45433044,34.58292145
10.84568633,7.212532043,-0.7273826599,-33.66709137,34.43868095
10.85568233,5.885598183,-0.9004001617,-33.81680298,34.33696478
10.86567833,4.622828007,-1.042744637,-33.87191772,34.20182255
10.87567533,3.32233119,-1.179471016,-33.88374329,34.06665665
10.88567133,2.070370674,-1.240795135,-33.86927032,33.95516867
10.89566733,0.7838227749,-1.36787796,-33.71731567,33.754153
10.90566433,-0.4418334961,-1.530770302,-33.37812805,33.41613243
10.91566033,-1.619256258,-1.723939896,-33.07657623,33.16102916
10.92565633,-2.763487816,-1.821064949,-32.83021545,32.99660875
10.93565333,-3.815551758,-1.828010559,-32.53364563,32.80759296
10.94564933,-4.812839031,-1.783288956,-32.18825531,32.59489713
10.95564533,-5.733046055,-1.765135765,-31.82727242,32.3876333
10.96564233,-6.686145782,-1.60901165,-31.49589729,32.23794364
10.97563833,-7.448059082,-1.455493927,-31.26056099,32.16853618
10.98563433,-8.065425873,-1.324713707,-31.01416969,32.07311464
10.99563033,-8.463635445,-1.173365593,-30.76217079,31.92680791
11.00562733,-8.771263123,-1.119069099,-30.53405571,31.78861322
11.01562333,-9.038636208,-1.070791245,-30.26963234,31.60845109
11.02561933,-9.351097107,-1.001280785,-30.16876411,31.60063146
11.03561633,-9.711015701,-1.060584068,-29.99088097,31.54174386
11.04561233,-10.1780901,-1.151581764,-29.68745995,31.4048553
11.05560833,-10.67618561,-1.211997032,-29.34522057,31.25046953
11.06560533,-11.24398804,-1.340501785,-28.92486763,31.06239172
11.07560133,-11.86218452,-1.45885849,-28.56183815,30.96156146
11.08559733,-12.53981686,-1.562002182,-28.15246391,30.85851717
11.09559333,-13.16715622,-1.815320969,-27.4338932,30.48422362
11.10559088,-13.80719852,-2.094898224,-26.86809349,30.28071626
11.11558688,-14.41772556,-2.433440208,-26.45046806,30.22283412
11.12558288,-14.95568943,-2.788435936,-25.96782112,30.09610864
11.13557988,-15.46397305,-3.194867611,-25.52747154,30.01655285
11.14557588,-15.88903332,-3.519114017,-25.09091759,29.90651582
11.15557188,-16.32865906,-3.775857925,-24.65963936,29.81576803
11.16556888,-16.78430557,-3.981657028,-24.35584068,29.84582855
11.17556488,-17.28925705,-4.226652622,-23.96134758,29.8484368
11.18556088,-17.8192215,-4.42170763,-23.36641121,29.71641509
11.19555688,-18.33734512,-4.65582943,-22.7462101,29.58589271
11.20555388,-18.77113342,-4.854895592,-22.13957214,29.42934107
11.21554988,-19.12907028,-4.843490601,-21.79037285,29.39729715
11.22554588,-19.40801239,-4.648231983,-21.58087921,29.39407003
11.23554288,-19.71118927,-4.436015129,-21.27094078,29.33704372
11.24553888,-19.90697479,-4.165035725,-20.97046661,29.21293614
11.25553488,-20.03265762,-3.935132504,-20.79090881,29.13854026
11.26553188,-20.1638031,-3.541314125,-20.55395889,29.01008596
11.27552788,-20.13814163,-3.032727718,-20.44103432,28.85442895
11.28552388,-20.04068375,-2.541199684,-20.40527153,28.71344297
11.29552088,-19.87105942,-2.024169922,-20.36519432,28.52538178
11.30551687,-19.77735138,-1.493026733,-20.27234268,28.36089974
11.31551288,-19.79814148,-1.023329735,-20.04258347,28.19075667
11.32550888,-19.93614197,-0.7135629654,-19.51877594,27.90952423
11.33550588,-20.13560104,-0.6056756973,-18.97185135,27.67201503
11.34550188,-20.49093246,-0.7240934372,-18.34300423,27.51124186
11.35549788,-20.85047913,-0.958650589,-17.82454109,27.44769127
11.36549488,-21.1024971,-1.218161583,-17.45812607,27.41505913
11.37549088,-21.28889847,-1.354330063,-17.11442184,27.3487631
11.38548688,-21.49789429,-1.580042839,-16.86111259,27.36700773
11.39548388,-21.63952255,-1.80483532,-16.5295887,27.29017533
11.40547988,-21.73594666,-2.044746399,-16.13408279,27.14665711
11.41547588,-21.92880249,-2.287770271,-15.63327026,27.0278636
11.42547188,-22.11777115,-2.548633575,-15.20902443,26.9630443
11.43546888,-22.32420349,-2.743105888,-14.70964813,26.87505236
11.44546488,-22.56923676,-2.905311584,-14.20903969,26.82737579
11.45546088,-22.8069725,-3.028270721,-13.58727264,26.71970053
11.46545788,-23.00128174,-3.080480576,-13.08374977,26.64081137
11.47545388,-23.14649963,-3.14640522,-12.39249229,26.44303644
11.48544988,-23.29595184,-3.276456356,-11.79242897,26.3153552
11.49544688,-23.4095726,-3.417281151,-11.30305099,26.21916974
11.50544288,-23.56015396,-3.379901409,-11.06353951,26.2470283
11.51543888,-23.61356354,-3.383278847,-10.85287476,26.20747697
11.52543488,-23.68591309,-3.345706463,-10.71166992,26.20984744
11.53543188,-23.74449921,-3.473395348,-10.37081146,26.14229233
11.54542788,-23.81515503,-3.584904194,-9.974876404,26.06743767
11.55542388,-23.9198761,-3.75944376,-9.625673294,26.05662059
11.56542088,-23.97436905,-3.949378967,-9.29527092,26.014804
11.57541688,-24.13283539,-3.958385944,-8.96846199,26.04795335
11.58541288,-24.25538635,-4.116895199,-8.505931854,26.03120185
11.59540988,-24.29285049,-4.382369518,-8.11590004,25.98491064
11.60540588,-24.28383255,-4.615225792,-7.768867493,25.91061818
11.61540188,-24.28910446,-4.906553745,-7.381227493,25.85570313
11.62539888,-24.30077744,-5.320801735,-6.889923096,25.81297649
11.63539488,-24.32875061,-5.803753376,-6.245184898,25.77933269
11.64539088,-24.3122139,-6.305221558,-5.474001884,25.70611328
11.65538688,-24.32987595,-6.85941124,-4.626781464,25.69827801
11.66538388,-24.26918793,-7.465262413,-3.719364166,25.66237119
11.67537987,-24.24977493,-8.066877365,-2.872742653,25.71728495
11.68537588,-24.29050064,-8.573933601,-1.95443821,25.8333232
11.69537288,-24.27812195,-9.001211166,-0.9740438461,25.91134441
11.70536888,-24.22552109,-9.554665565,-0.02774143219,26.04166423
11.71536488,-24.05114365,-10.17049217,0.9731097221,26.13127177
11.72536188,-23.83043671,-10.78197575,1.970633984,26.23021374
11.73535788,-23.5869751,-11.434021,2.980888844,26.38120408
11.74535388,-23.5869751,-11.434021,2.980888844,26.38120408
11.75534988,-23.20691299,-12.18257046,4.002212048,26.51402525
11.76534688,-22.92507172,-12.83829117,4.904425621,26.72889867
11.77534288,-22.66439438,-13.36791706,5.766801834,26.9375571
11.78533888,-22.37039948,-13.85874176,6.620012283,27.13529175
11.79533588,-22.04184723,-14.35743999,7.371452808,27.3188109
11.80533188,-21.74734116,-14.79548168,8.052721024,27.50817045
11.81532788,-21.40408325,-15.26716042,8.717728615,27.69873209
11.82532488,-21.04616165,-15.66850853,9.355665207,27.85626592
11.83532088,-20.66334915,-16.06349564,10.03112221,28.02915095
11.84531688,-20.23106384,-16.42217636,10.75729752,28.19048191
11.85531288,-19.83605957,-16.81706238,11.48604202,28.42906976
11.86530988,-19.3237648,-17.18947983,12.24388885,28.61466262
11.87530588,-18.79840851,-17.63274384,12.92676163,28.83392071
11.88530188,-18.17577744,-18.17625237,13.5609417,29.06259065
11.89529888,-17.63040924,-18.69323158,14.06440639,29.29293028
11.90529488,-16.98210526,-19.17791367,14.69229126,29.53045367
11.91529088,-16.33764648,-19.6056881,15.22857857,29.71887117
11.92528787,-15.7413187,-20.06168365,15.7773304,29.98640392
11.93528388,-15.22209072,-20.57550049,16.25201797,30.31816872
11.94527988,-14.63086224,-21.20132065,16.98233414,30.85381337
11.95527688,-14.10508251,-21.76786995,17.65917397,31.37897289
11.96527288,-13.62941265,-22.23845291,18.1197319,31.75900441
11.97526888,-13.28203297,-22.82815933,18.65239716,32.33340653
11.98526488,-12.95122242,-23.29358864,18.67134857,32.54143038
11.99526188,-12.74329281,-23.62849045,18.17005539,32.41678555
12.00525788,-12.55134296,-23.92458534,17.62503052,32.25776953
12.01525388,-12.4166441,-24.3056736,17.04171944,32.17699522
12.02525088,-12.25221634,-24.63821793,16.51163292,32.09038188
12.03524688,-12.00995731,-24.93224335,16.25144196,32.09307088
12.04524287,-11.7848978,-25.2045784,15.95802116,32.0751154
12.05523988,-11.5617218,-25.59956741,15.84440422,32.24990555
12.06523588,-11.35085964,-25.97111893,15.7311039,32.41617903
12.07523188,-11.17845535,-26.25587845,15.66400337,32.55288035
12.08522788,-10.99817753,-26.48720169,15.51835632,32.60906539
12.09522488,-10.69237328,-26.8731842,15.514925,32.82084358
12.10521633,-10.37719345,-27.38064194,15.57349396,33.16503295
12.11521233,-10.03082275,-27.71930885,15.52271461,33.31564433
12.12520933,-9.691479683,-28.04379845,15.47053623,33.46217119
12.13520533,-9.336190224,-28.3092556,15.45658112,33.578033
12.14520133,-8.952576637,-28.53003502,15.30872536,33.59268668
12.15519833,-8.4679842,-28.86565018,15.09642029,33.65760571
12.16519433,-8.048061371,-29.18372536,14.80680466,33.70018667
12.17519033,-7.590456963,-29.54402924,14.42506027,33.74236305
12.18518633,-7.157561302,-29.98494911,13.99576569,33.85571317
12.19518333,-6.664903641,-30.37399483,13.30999184,33.82538078
12.20517933,-6.197296143,-30.68622017,12.58992958,33.74250901
12.21517533,-5.624503136,-31.05196571,12.12632751,33.80691393
12.22517233,-5.090293407,-31.52081871,11.72952652,34.01550957
12.23516833,-4.444565773,-31.99874496,11.26744556,34.21445855
12.24516433,-3.836229801,-32.36634827,10.87213707,34.35841271
12.25516133,-3.265258312,-32.74160385,10.5958128,34.56798784
12.26515733,-2.691483498,-33.03591919,10.40586853,34.74043955
12.27515333,-2.260914564,-33.25099182,10.32035923,34.88911014
12.28514933,-1.880043507,-33.42301178,10.48666,35.07994182
12.29514633,-1.641732693,-33.57173157,10.41360855,35.18806175
12.30514233,-1.52328968,-33.74314117,10.21672058,35.2888278
12.31513833,-1.572071791,-33.78074646,10.06072712,35.2821268
12.32513533,-1.810323,-33.85321426,9.75586319,35.2773901
12.33513133,-2.098252535,-33.90382385,9.362804413,35.23540892
12.34512733,-2.585816383,-33.98690033,8.778819084,35.19749288
12.35512433,-3.247304916,-33.96426392,7.956156731,35.03450645
12.36512033,-3.868684769,-34.00675583,7.023668289,34.93934859
12.37511633,-4.438817024,-33.99430084,6.053165436,34.81316415
12.38511333,-4.942807198,-34.03211212,5.183601379,34.77766125
12.39510933,-5.253633022,-34.05429459,4.421535492,34.73968359
12.40510533,-5.428595543,-34.12862396,3.835137844,34.76982751
12.41510133,-5.421726704,-34.20139313,3.471526623,34.80203887
12.42509833,-5.342388153,-34.34025574,3.110651016,34.89226884
12.43509433,-5.257160664,-34.39733124,2.823047161,34.91108319
12.44509033,-5.19584465,-34.47777176,2.705606461,34.97190091
12.45508733,-5.178393364,-34.49096298,2.525361538,34.9688395
12.46508333,-5.173197269,-34.58525467,2.604366302,35.06685806
12.47507933,-5.161009789,-34.61367035,2.841405869,35.11147653
12.48507633,-5.204993248,-34.58539963,3.129110336,35.11457181
12.49507233,-5.309434891,-34.58708191,3.28585577,35.14616881
12.50506833,-5.413606644,-34.42868805,3.582069874,35.03530965
12.51506433,-5.473306656,-34.30096054,4.005360126,34.9650667
12.52506133,-5.524366856,-34.22158051,4.744267464,34.98775893
12.53505733,-5.535296917,-34.19430161,5.532219887,35.07841546
12.54505333,-5.559158802,-34.07304382,6.330026627,35.09908544
12.55505033,-5.609188557,-33.9036026,7.149555683,35.1003335
12.56504633,-5.679862976,-33.73960114,7.970409393,35.13045622
12.57504233,-5.731786728,-33.55718613,8.874230385,35.18081984
12.58503933,-5.716720581,-33.26759338,9.93626976,35.18725793
12.59503533,-5.710860729,-33.00900269,11.1741457,35.31387434
12.60503133,-5.644035339,-32.68096161,12.3754158,35.3984647
12.61502733,-5.515092373,-32.37767029,13.53207779,35.52248452
12.62502433,-5.353198528,-31.95422363,14.39216423,35.45227121
12.63502033,-5.165159225,-31.63864899,15.13871765,35.45227428
12.64501633,-4.965967655,-31.38952637,15.6532383,35.42579667
12.65501333,-4.687408447,-31.0208683,16.12718964,35.27537829
12.66500933,-4.33888483,-30.62438774,16.8231945,35.20935841
12.67500533,-3.964575768,-30.04616547,17.64577866,35.06940867
12.68500233,-3.65503931,-29.44718361,18.57852554,35.00939226
12.69499833,-3.381184578,-28.79973412,19.45922089,34.92160322
12.70499433,-3.241818905,-28.03252792,20.31600761,34.77171519
12.71499033,-3.278686047,-27.2808075,21.23488045,34.72624926
12.72498733,-3.300127506,-26.51231766,22.19524193,34.73359459
12.73498333,-3.324677944,-25.66320992,23.20358658,34.75716123
12.74497933,-3.34681654,-24.71630859,24.02268219,34.62927015
12.75497633,-3.294705868,-23.64353561,24.68867874,34.34243324
12.76497233,-3.164219856,-22.46150589,25.53915977,34.15816471
12.77496833,-2.955864906,-21.22611427,26.4906559,34.07403578
12.78496533,-2.732847214,-19.84627914,27.53556824,34.05217714
12.79496133,-2.55627346,-18.40541077,28.34858704,33.89595944
12.80495733,-2.490169048,-16.88651276,29.08093643,33.72026273
12.81495433,-2.606582165,-15.44916153,29.73872757,33.61343154
12.82495033,-2.979475021,-14.01352692,30.19557762,33.42198552
12.83494633,-3.559161186,-12.70088005,30.72463417,33.43625468
12.84494233,-4.260491848,-11.37683296,30.99326515,33.28913642
12.85493933,-4.936121941,-10.09475517,31.10552597,33.07299696
12.86493533,-5.548612595,-8.66560936,31.31838608,32.96545455
12.87493133,-6.053164005,-7.354764938,31.5040226,32.91256298
12.88492833,-6.566074371,-6.096541405,31.71037865,32.95192352
12.89492433,-7.157185555,-4.93469429,31.80566788,32.97236755
12.90492033,-7.732435226,-3.773718357,31.67597961,32.82375952
12.91491733,-8.393172264,-2.846188545,31.60437775,32.82351021
12.92491333,-9.172140121,-1.959742546,31.32016945,32.69436893
12.93490933,-10.0614748,-1.309279442,30.94680977,32.56766069
12.94490533,-11.0574646,-0.5560836792,30.51272964,32.45925789
12.95490233,-11.89114285,0.2045192719,30.0837574,32.34924366
12.96489833,-12.71693993,0.9094743729,29.617836,32.24537043
12.97489433,-13.4792347,1.580470085,29.10422897,32.11298488
12.98489133,-14.24228477,2.321007729,28.60800934,32.04134752
12.99488733,-15.06871128,3.033056259,28.08945656,32.02004153
13.00488333,-15.80732059,3.743523598,27.52305794,31.95941288
13.01488033,-16.52218246,4.347940445,26.94345665,31.9035571
13.02487633,-17.16187668,4.840314865,26.43338776,31.88546138
13.03487233,-17.73261261,5.214946747,26.00673676,31.90598026
13.04486833,-18.45129776,5.5956707,25.39793205,31.88756611
13.05486533,-19.11272812,5.700557709,24.80143547,31.82615176
13.06486133,-19.76934052,5.738082886,24.17928696,31.75516237
13.07485733,-20.40953827,5.667001724,23.54717255,31.67228277
13.08485433,-21.10995865,5.593130112,22.78674316,31.56183015
13.09485033,-21.10995865,5.593130112,22.78674316,31.56183015
13.10484721,-21.73344803,5.493085861,22.07110977,31.45871329
13.11484421,-22.39878845,5.368310928,21.51057816,31.51554313
13.12484021,-22.89522934,4.983683586,21.09235764,31.5264362
13.13483621,-23.26888657,4.363444328,20.82938004,31.53321742
13.14483221,-23.64630127,3.701931953,20.57531357,31.56256315
13.15482921,-24.00664139,3.095227242,20.01592255,31.40917729
13.16482521,-24.45273209,2.475172043,19.54431915,31.40132154
13.17482121,-24.87182999,1.791279793,19.05744553,31.3847549
13.18481821,-25.23059464,0.9976768494,18.61010742,31.36740925
13.19481421,-25.66983032,0.1320018768,18.09625435,31.40751558
13.20481021,-26.02460098,-0.7939310074,17.60340309,31.42912635
13.21480721,-26.33703995,-1.923032761,17.09721756,31.45874404
13.22480321,-26.5614624,-3.226388454,16.54670715,31.4597264
13.23479921,-26.68839645,-4.552812576,16.1631813,31.53168307
13.24479521,-26.69348907,-5.882680416,15.77398682,31.55894402
13.25479221,-26.59975052,-7.274308681,15.43029213,31.59994003
13.26478821,-26.49383163,-8.769826889,15.06997681,31.71651272
13.27478421,-26.23480988,-10.42590618,14.61808395,31.79077142
13.28478121,-25.85440445,-12.25666428,14.22915649,31.9553586
13.29477721,-25.1748848,-14.1511116,13.85436249,32.03079993
13.30477321,-24.37284088,-16.12155151,13.6537056,32.2546659
13.31477021,-23.30153275,-18.05926704,13.49241447,32.42134795
13.32476621,-22.16851807,-20.05366898,13.37777233,32.74992558
13.33476221,-20.84343719,-21.88960075,13.29808426,33.02184944
13.34475921,-19.40215302,-23.59056091,13.33415508,33.32803321
13.35475521,-17.94958115,-25.31575394,13.46321964,33.82799349
13.36475121,-16.47137451,-26.75328445,13.23421383,34.09089062
13.37474721,-15.02595806,-27.99772263,12.61920929,34.18912592
13.38474421,-13.74069786,-29.13024521,11.76612568,34.29022714
13.39474021,-12.48358822,-30.28607368,10.64591408,34.44447301
13.40473621,-11.23468685,-31.31284904,9.139725685,34.49996072
13.41473321,-10.02752781,-32.21796799,7.281480789,34.51910685
13.42472921,-8.835568428,-32.96794128,5.097305298,34.50992529
13.43472521,-7.605853081,-33.51085663,2.624479771,34.46323269
13.44472221,-6.389287949,-33.81316376,-0.1019563675,34.41167591
13.45471821,-5.252352715,-33.79536438,-3.150798798,34.34590799
13.46471421,-4.193152428,-33.29511261,-6.310592651,34.14631211
13.47471021,-3.262987137,-32.47155762,-9.577075958,34.01131463
13.48470721,-2.500909805,-31.31829071,-12.7923069,33.92245567
13.49470321,-1.820423841,-29.72166443,-15.97717476,33.79291927
13.50469921,-1.2564044,-27.89387512,-18.95319366,33.74715353
13.51469621,-0.742626667,-25.75583267,-21.73477364,33.7092687
13.52469221,-0.3526681662,-23.33364487,-24.32341576,33.70774261
13.53468821,-0.262499094,-20.70430756,-26.46493721,33.60253203
13.54468521,-0.5722191334,-17.87160873,-28.41716576,33.5746503
13.55468121,-1.159818649,-14.80527306,-30.002985,33.47716234
13.56467721,-1.96947217,-11.68418598,-31.37929344,33.54190036
13.57467321,-2.920755863,-8.841943741,-32.27760315,33.59396447
13.58467021,-4.023997307,-6.024362564,-32.84563446,33.63511858
13.59466621,-5.197089672,-3.340589523,-33.01222992,33.58536294
13.60466221,-6.417352676,-0.9096717834,-32.83853149,33.47206401
13.61465921,-7.627298355,1.175104141,-32.49691772,33.40069178
13.62465521,-8.860527992,2.930415154,-32.10427094,33.43322452
13.63465121,-9.983157158,4.2403965,-31.48452568,33.30044664
13.64464821,-11.0866003,5.293165207,-30.96730995,33.3152306
13.65464421,-12.12710953,6.022031784,-30.29995918,33.18763593
13.66464021,-13.21865368,6.679473877,-29.41215324,32.9305775
13.67463721,-14.42154598,7.293960571,-28.44069099,32.71170667
13.68463321,-15.62543583,7.801078796,-27.43842125,32.52503706
13.69462921,-16.62406921,8.333810806,-26.46959496,32.34890318
13.70462521,-17.43827438,8.728672028,-25.54844856,32.14041619
13.71462221,-18.05876541,9.02740097,-24.66629601,31.87536878
13.72461821,-18.5581398,9.24823761,-23.90634727,31.6456615
13.73461421,-18.87125397,9.416593552,-23.29958153,31.42716913
13.74461121,-19.09367371,9.622266769,-22.83355522,31.2814264
13.75460721,-19.22193909,9.738800049,-22.29696274,31.00776864
13.76460321,-19.40689087,9.915403366,-21.85819054,30.86621342
13.77460021,-19.60246277,10.01379395,-21.56899261,30.81808005
13.78459621,-19.8884201,9.969358444,-21.44748497,30.90197362
13.79459221,-20.14936447,9.866350174,-21.16563416,30.84357021
13.80458821,-20.41355896,9.62461853,-20.85949898,30.73215529
13.81458521,-20.72388077,9.348676682,-20.55595016,30.65002573
13.82458121,-21.07171631,9.060783386,-20.19901466,30.56329853
13.83457721,-21.47242355,8.793645859,-19.77812386,30.48880719
13.84457421,-21.84483719,8.535198212,-19.42098808,30.45030868
13.85457021,-22.17131042,8.263767242,-19.19468307,30.46789644
13.86456621,-22.40919495,7.985923767,-18.94213676,30.40972775
13.87456321,-22.66793823,7.785701752,-18.81880188,30.47293684
13.88455921,-22.89480591,7.625494003,-18.68079567,30.51708412
13.89455521,-23.08487701,7.451646805,-18.50930214,30.51283095
13.90455121,-23.22922516,7.30411911,-18.47250175,30.56436452
13.91454821,-23.3638916,7.067293167,-18.38896751,30.56095859
13.92454421,-23.49966812,6.819143295,-18.20033836,30.49569533
13.93454021,-23.64489365,6.488147736,-18.11985397,30.48780354
13.94453721,-23.83428955,6.217378616,-18.08308411,30.55694825
13.95453321,-24.02049637,5.937091827,-17.96475792,30.577211
13.96452921,-24.1302681,5.612571716,-17.89037704,30.55873673
13.97452621,-24.21243286,5.314662933,-17.87891197,30.5637537
13.98452221,-24.3347702,5.005125046,-17.79937744,30.56223413
13.99451821,-24.45427322,4.648515701,-17.64518166,30.51184381
14.00451421,-24.65083694,4.457652092,-17.47375488,30.54286388
14.01451121,-24.7951889,4.562497139,-17.19607735,30.51758262
14.02450721,-24.87546158,4.634865761,-16.80677223,30.37660551
14.03450321,-25.06236649,4.896160126,-16.55822372,30.43467382
14.04450021,-25.23297119,5.17808342,-16.27378082,30.46885829
14.05449621,-25.43832397,5.486476898,-15.94376755,30.51906747
14.06449221,-25.59100723,5.694673538,-15.64056015,30.52795571
14.07448921,-25.72556686,5.826683044,-15.47752571,30.58281916
14.08448521,-25.80957031,5.850063324,-15.20061111,30.51910449
14.09448121,-25.89193344,5.68195343,-15.06830978,30.49148688
14.10448108,-25.9802475,5.484514236,-14.91483688,30.45497522
14.11447708,-26.0945015,5.231342316,-14.73158646,30.41890186
14.12447308,-26.19165421,5.005393982,-14.47152519,30.33944232
14.13446908,-26.3706665,4.769574165,-14.1423912,30.30128906
14.14446608,-26.54697418,4.610184669,-13.88807678,30.31293977
14.15446208,-26.73948669,4.429026604,-13.64597511,30.34516538
14.16445808,-26.87638474,4.380742073,-13.42542648,30.3607153
14.17445508,-26.95287704,4.431490898,-13.18416786,30.3301496
14.18445108,-27.0249176,4.548763275,-12.93758392,30.30542025
14.19444708,-27.07374573,4.611362457,-12.87239265,30.33069178
14.20444408,-27.09765244,4.602642059,-12.82208443,30.32940702
14.21444008,-27.19996262,4.464015961,-12.77656746,30.38101514
14.22443608,-27.37485123,4.194135666,-12.53614616,30.3994772
14.23443208,-27.59714508,3.853889465,-12.17109871,30.40708017
14.24442908,-27.84829712,3.428469658,-11.85983276,30.46206969
14.25442508,-28.2192688,2.913825989,-11.43465805,30.58707109
14.26442108,-28.51692963,2.29220295,-10.90529442,30.61690572
14.27441808,-28.89017487,1.451579094,-10.19993591,30.67226725
14.28441408,-29.25004959,0.5384531021,-9.217412949,30.6727246
14.29441008,-29.67154694,-0.4068574905,-8.193231583,30.78465972
14.30440708,-30.04779434,-1.405625343,-7.008778572,30.8863838
14.31440308,-30.43995285,-2.358237267,-5.478193283,31.01874617
14.32439908,-30.74045181,-3.358875275,-3.356697083,31.10506126
14.33439508,-30.97263336,-4.333688259,-0.7452526093,31.2832267
14.34439208,-31.05467606,-5.148130894,1.934017658,31.53785949
14.35438808,-30.8832283,-5.994728565,4.631979942,31.7988333
14.36438408,-30.54838181,-6.829093456,7.256186485,32.13241962
14.37438108,-30.04016876,-7.641757965,9.526332855,32.42775388
14.38437708,-29.37158203,-8.624659538,11.47436714,32.69152313
14.39437308,-28.6953392,-9.671513557,12.94703865,32.93306054
14.40437008,-28.10412216,-10.87445927,13.9604187,33.21127575
14.41436608,-27.53372192,-11.90328121,14.76239109,33.43235166
14.42436208,-26.98729324,-12.88601685,15.5279026,33.69687205
14.43435908,-26.33202744,-13.87849426,16.25752831,33.91600652
14.44435508,-25.6544342,-14.69416618,16.86962318,34.03898795
14.45435108,-25.6544342,-14.69416618,16.86962318,34.03898795
14.46434708,-24.88516235,-15.52399731,17.58315659,34.19697638
14.47434408,-24.13124084,-16.21500015,18.31315231,34.36007221
14.48434008,-23.26107407,-16.94083023,19.06332016,34.51781382
14.49433608,-22.40129089,-17.63158798,19.79071617,34.70393602
14.50433308,-21.46529007,-18.35151863,20.52373886,34.91075437
14.51432908,-20.53495407,-18.91409111,21.20212173,35.0564851
14.52432508,-19.64390945,-19.48635864,21.83124733,35.24492462
14.53432208,-18.6823616,-19.95571899,22.41527557,35.3511801
14.54431808,-17.64624786,-20.50856781,23.06103516,35.55000365
14.55431408,-16.51219177,-21.13223267,23.78866959,35.84863366
14.56431108,-15.3624239,-21.63041306,24.4368763,36.06992875
14.57430708,-14.20522404,-22.07828522,24.9059639,36.18765129
14.58430308,-13.0365324,-22.46846771,25.41160774,36.33913904
14.59429908,-12.02050495,-22.72820282,25.811903,36.4323768
14.60429608,-11.08033657,-23.04295731,26.10264778,36.53901971
14.61429208,-10.24790764,-23.19524002,26.34199715,36.56418445
14.62428808,-9.408657074,-23.48812103,26.67661095,36.76759754
14.63428508,-8.538352013,-23.63344574,26.96354103,36.85750612
14.64428108,-7.636950493,-23.75295639,27.21374702,36.92037347
14.65427708,-6.750123978,-23.70727158,27.53099251,36.95340915
14.66427408,-5.918075085,-23.47521782,27.96330452,36.98723921
14.67427008,-5.102292538,-23.19071198,28.52445793,37.11451483
14.68426608,-4.13235569,-22.91612244,28.97470665,37.17201443
14.69426208,-2.915398598,-22.77974319,29.28162384,37.21330063
14.70425908,-1.831698418,-22.66090393,29.45064926,37.20500542
14.71425508,-0.8970820904,-22.6741848,29.51632881,37.23086192
14.72425108,-0.1905555725,-22.8008461,29.62472916,37.38367922
14.73424808,0.4858654737,-23.0148468,29.62292099,37.51581915
14.74424408,1.112259269,-23.26002693,29.53218651,37.60872257
14.75424008,1.681318521,-23.49645233,29.32637978,37.61577668
14.76423708,2.161926985,-23.61737061,29.18180847,37.60361776
14.77423308,2.773864031,-23.55737305,28.94604111,37.42348784
14.78422908,3.429738998,-23.53138733,28.86857986,37.40166043
14.79422608,4.205150604,-23.5264492,28.64814568,37.30808698
14.80422208,5.154930115,-23.55523682,28.47305107,37.31135381
14.81421808,6.180458069,-23.5738678,28.20825958,37.27775763
14.82421408,7.35412693,-23.61312866,27.85245323,37.24811645
14.83421108,8.553900719,-23.64504242,27.3636055,37.16213334
14.84420708,9.681657791,-23.67775917,26.77607727,37.03146083
14.85420308,10.78235722,-23.82211304,26.21340752,37.02559966
14.86420008,11.88688374,-23.94166183,25.62615776,37.02973316
14.87419608,12.90533447,-23.99947166,25.06166649,37.0217426
14.88419208,13.93545246,-23.97788239,24.41522408,36.94913863
14.89418908,15.04259586,-23.92127228,23.69042969,36.87469887
14.90418508,16.16203308,-23.72690392,22.98159599,36.77405386
14.91418108,17.3262558,-23.49656868,22.27021027,36.71852591
14.92417708,18.60470581,-23.23870468,21.5496788,36.74998136
14.93417408,19.84600449,-22.8908329,20.6679821,36.67450898
14.94417008,21.07827759,-22.3597374,19.81599808,36.56399079
14.95416608,22.31715393,-21.956707,18.91316223,36.57676923
14.96416308,23.42113113,-21.43933105,18.06824875,36.53294284
14.97415908,24.44807053,-20.98452377,17.10756302,36.47913243
14.98415508,25.27325439,-20.49381638,16.35415649,36.4169237
14.99415208,25.90203476,-20.0235424,15.6002388,36.2660324
15.00414808,26.39573288,-19.60186577,15.0262146,36.14906612
15.01414408,26.75164032,-19.25248718,14.62957764,36.06013123
15.02414008,27.06113434,-18.88641548,14.28311157,35.95843375
15.03413708,27.43351364,-18.57166862,14.05678558,35.98746681
15.04413308,27.78680038,-18.27854919,13.8794899,36.03958762
15.05412908,28.02865601,-18.10388947,13.63696289,36.04612501
15.06412608,28.25894928,-17.99021149,13.22801304,36.01661079
15.07412208,28.4392395,-17.84209442,12.8653574,35.95341566
15.08411808,28.51639175,-17.77248383,12.60387039,35.88737005
15.09411508,28.59408569,-17.71369171,12.49926662,35.88353769
15.10410821,28.64036942,-17.73100662,12.42458725,35.9030601
15.11410421,28.69474792,-17.70250893,12.18747902,35.85110913
15.12410121,28.72778702,-17.81326294,11.85728073,35.82168603
15.13409721,28.76185226,-17.95464325,11.43894577,35.78355544
15.14409321,28.81483841,-18.09993744,11.00614738,35.76363975
15.15408921,28.81986618,-18.26278305,10.69400215,35.75577734
15.16408621,28.87437057,-18.35859108,10.37800026,35.75569929
15.17408221,28.95841217,-18.40602112,9.957156181,35.72836699
15.18407821,29.134655,-18.41195488,9.395554543,35.72260698
15.19407521,29.32356644,-18.34607315,8.800879478,35.69181178
15.20407121,29.52579117,-18.39761162,8.119931221,35.72363
15.21406721,29.78258514,-18.6509037,7.359990597,35.90303676
15.22406421,29.93680954,-18.97888565,6.583724976,36.05213032
15.23406021,30.09694672,-19.14955139,5.672715664,36.12078658
15.24405621,30.20178604,-19.2786293,4.686166763,36.1354893
15.25405221,30.27980804,-19.43657684,3.493136406,36.15037063
15.26404921,30.31868362,-19.58499146,1.954324722,36.14711402
15.27404521,30.33315277,-19.77144241,-0.003916740417,36.20787356
15.28404121,30.17555237,-19.86771393,-2.453473091,36.21200834
15.29403821,29.8344574,-19.80457687,-5.359032631,36.20822205
15.30403421,29.29243469,-19.5991478,-8.277704239,36.20350414
15.31403021,28.44694519,-19.26848984,-11.34797668,36.18397389
15.32402721,27.34777832,-18.74409485,-14.26429749,36.09310535
15.33402321,25.99100494,-18.20119476,-17.14641762,36.06681946
15.34401921,24.45495224,-17.49625206,-19.86066628,36.03622608
15.35401621,22.80717468,-16.76964188,-22.27799797,36.02356589
15.36401221,21.00130844,-16.00279808,-24.54878044,36.05256057
15.37400821,19.04627609,-15.23374748,-26.46540642,35.98951837
15.38400421,17.13088036,-14.60004997,-28.03876686,35.95554155
15.39400121,15.23413372,-14.11695957,-29.35773277,35.96169978
15.40399721,13.3726368,-13.60096741,-30.4313755,35.91493205
15.41399321,11.72502804,-13.18905926,-31.2473774,35.88629489
15.42399021,10.31137848,-12.87254429,-31.89261436,35.90495472
15.43398621,9.138131142,-12.57590866,-32.41776276,35.95233319
15.44398221,8.245981216,-12.42884731,-32.73718262,35.97492985
15.45397921,7.505256653,-12.30775261,-32.87605286,35.89769496
15.46397521,7.057649612,-12.35962296,-32.96871185,35.90970146
15.47397121,6.695257187,-12.40522289,-33.01705933,35.90044889
15.48396821,6.368611813,-12.50882626,-33.03404999,35.89259547
15.49396421,6.042108536,-12.69509888,-33.0639801,35.92908837
15.50396021,5.748557568,-12.83685017,-33.04737091,35.91600424
15.51395621,5.475945473,-12.97565556,-33.02347565,35.90130304
15.52395321,5.111583233,-13.12722492,-33.03064728,35.90927425
15.53394921,4.696514606,-13.18486977,-32.98711395,35.8336117
15.54394521,4.234244347,-13.24005032,-32.9442749,35.75685957
15.55394221,3.87236166,-13.30159092,-32.95283508,35.74656411
15.56393821,3.666046381,-13.33495617,-32.95852661,35.74248772
15.57393421,3.660215139,-13.52517796,-32.91072083,35.7693047
15.58393121,3.958821535,-13.8186388,-32.71523285,35.73392655
15.59392721,4.326400757,-14.06263638,-32.54755402,35.7186052
15.60392321,4.735115051,-14.30183506,-32.23844147,35.584841
15.61392021,5.105498314,-14.67997169,-32.01207733,35.58568219
15.62391621,5.40585041,-14.89084625,-31.75292015,35.48532737
15.63391221,5.641941547,-15.11581612,-31.55108452,35.43713216
15.64390821,5.772349834,-15.22647667,-31.47296333,35.43604147
15.65390521,5.841874599,-15.36495972,-31.44281578,35.48041925
15.66390121,5.901003361,-15.47523975,-31.36182976,35.46645248
15.67389721,5.988403797,-15.57846451,-31.27946281,35.45355173
15.68389421,6.057052135,-15.70215797,-31.24260521,35.48726569
15.69389021,6.206097603,-15.94130516,-31.06614876,35.46472129
15.70388621,6.410597801,-16.19249535,-30.96025658,35.52224876
15.71388321,6.669218063,-16.48524284,-30.82333565,35.58538635
15.72387921,6.891008377,-16.68568039,-30.71872902,35.63058011
15.73387521,7.098234177,-16.86245346,-30.51205254,35.57685505
15.74387221,7.307918549,-17.07112122,-30.31505775,35.550409
15.75386821,7.500564575,-17.27221298,-30.17436028,35.5679607
15.76386421,7.673089981,-17.39618492,-30.06624413,35.57362219
15.77386021,7.757057667,-17.56477356,-29.97128487,35.59453793
15.78385721,7.757057667,-17.56477356,-29.97128487,35.59453793
15.79385321,7.861221313,-17.67678833,-29.87326241,35.59044047
15.80384921,7.958611965,-17.71479416,-29.78526115,35.5572105
15.81384621,8.014743805,-17.70039368,-29.71622276,35.50484403
15.82384221,8.089175224,-17.72280121,-29.59462929,35.43126474
15.83383821,8.174894333,-17.8307724,-29.48900414,35.41703978
15.84383521,8.267963409,-17.87832451,-29.42865944,35.412423
15.85383121,8.27240181,-17.96242905,-29.43449593,35.46083811
15.86382721,8.245512009,-18.04280281,-29.41575432,35.47982249
15.87382321,8.300430298,-18.14939117,-29.37064552,35.50960943
15.88382021,8.323013306,-18.21894836,-29.24918175,35.45020822
15.89381621,8.396497726,-18.22523117,-29.18554115,35.41830089
15.90381221,8.511594772,-18.3191185,-29.11319923,35.4346683
15.91380921,8.578672409,-18.42106247,-29.13270378,35.51962264
15.92380521,8.698256493,-18.49560547,-29.0169239,35.49266066
15.93380121,8.742585182,-18.56257057,-28.92444801,35.46301615
15.94379821,8.80093956,-18.58673859,-28.88046455,35.45426097
15.95379421,8.843756676,-18.68429565,-28.86514091,35.50368004
15.96379021,8.877819061,-18.76242828,-28.85399055,35.54429852
15.97378721,8.911746979,-18.78458977,-28.75853157,35.48708476
15.98378321,8.946596146,-18.78762054,-28.6970768,35.4476866
15.99377921,9.058929443,-18.91080856,-28.55795097,35.42935855
16.00377621,9.104665756,-18.96781158,-28.46301079,35.39513806
16.01377221,9.096963882,-18.98010445,-28.43673134,35.37862075
16.02376821,8.959752083,-18.82450294,-28.62179756,35.40969308
16.03376421,8.812064171,-18.7250576,-28.7532177,35.42637132
16.04376121,8.740087509,-18.71256256,-28.84919548,35.47992682